,f_fwd,f_bwd,avr_mse,avr_rmse,avr_smape
0,1.0,1.0,0.0019260951222793152,0.029331540148396257,17.59229174843189
1,1.0,2.0,0.003051255289882543,0.0334870183973829,19.99769401775895
2,1.0,3.0,0.007568749126864791,0.042175808793393804,23.729804718748824
3,1.0,4.0,0.01613890232964611,0.053300391413097566,28.40200007799237
4,1.0,5.0,0.03742467830643838,0.07217589935026261,34.63368111565317
5,1.0,6.0,0.19960886410975315,0.12277954727580918,45.60617577186022
6,1.0,7.0,171.9756161452295,0.6778842980625888,66.83800823594862
7,1.0,8.0,36.634882448069284,0.41024718991137116,59.675163397187504
8,1.0,9.0,0.15737159115533603,0.12049794154527374,46.57037662658022
9,1.0,10.0,0.11018010722117492,0.0900922493107695,40.342940544314104
10,1.0,11.0,0.032394744732168544,0.07107632550091507,36.501817351968164
11,1.0,12.0,0.01697511608036178,0.0617644478471776,33.212052283666424
12,1.0,13.0,0.008776307158402066,0.053652077415881114,31.100146875175252
13,1.0,14.0,0.007044496267610308,0.04976895791348951,29.654633950468092
14,1.0,15.0,0.005820134840746931,0.04657048598368092,28.08812736541967
15,1.0,16.0,0.00534295240141263,0.04464592049225894,27.03059992847738
16,1.0,17.0,0.005064354050052802,0.043468514215026725,26.43742589938212
17,1.0,18.0,0.004436880575921779,0.041787065839947346,25.79949560657716
18,1.0,19.0,0.004131739589692964,0.04089358104748018,25.381741495767322
19,1.0,20.0,0.004019735117188877,0.04029607761970519,25.040951495586093
20,1.0,21.0,0.003776291813048274,0.03973162049288932,24.741816249770224
21,1.0,22.0,0.0035728018781225578,0.038785828652538254,24.141999513864604
22,1.0,23.0,0.003170849837119351,0.03755081682543421,23.636328390446987
23,1.0,24.0,0.003020019624712812,0.036894210227218456,23.425110618054713
24,2.0,1.0,0.002838630317544436,0.03348681083759053,19.883379304742974
25,2.0,2.0,0.005205717489284892,0.039759318750696944,23.14493257435889
26,2.0,3.0,0.013209110769694925,0.051298456480569965,27.91710976851051
27,2.0,4.0,0.05661638979676257,0.0705515485331651,33.77064910532044
28,2.0,5.0,0.19066333088104134,0.11188008683539492,43.83598081743317
29,2.0,6.0,278.9030272719167,0.698625280685474,65.02870573443367
30,2.0,7.0,9.182612942198912,0.32744555242317064,58.786101751798434
31,2.0,8.0,1.700509626594244,0.13578591270400744,47.00621201023154
32,2.0,9.0,0.053359916020113,0.0885590520033387,40.184657965023945
33,2.0,10.0,0.03162361095493807,0.07273115726587813,36.112959601849774
34,2.0,11.0,0.012423515988991657,0.059860993909471194,33.08383149694909
35,2.0,12.0,0.010764905814371794,0.05531586943051343,30.87482476632063
36,2.0,13.0,0.007121210504777126,0.05005423704249345,29.384362898014537
37,2.0,14.0,0.005836714343296759,0.046865873067737186,28.06510101210972
38,2.0,15.0,0.0050828014877503155,0.0445674836671579,26.85551307322618
39,2.0,16.0,0.004560174835411472,0.0425660272417551,25.77235729160528
40,2.0,17.0,0.0042961402706623904,0.04146290208122426,25.18630972606697
41,2.0,18.0,0.0038885984586099344,0.04001717161877464,24.607859307662654
42,2.0,19.0,0.0036774454554511426,0.03938214411261386,24.400180457428952
43,2.0,20.0,0.003590762107944592,0.03892941838192155,24.184677304588195
44,2.0,21.0,0.003403471448764021,0.038563704728880634,24.04210628530339
45,2.0,22.0,0.003244228656306429,0.03778013084788216,23.524457262014902
46,2.0,23.0,0.0029364965383682825,0.03678431419647954,23.120518346782333
47,2.0,24.0,0.002809338834589608,0.03619863926951766,22.9415696328227
48,3.0,1.0,0.0060606950611198805,0.041438294688393704,23.625469992060875
49,3.0,2.0,0.012283635135458793,0.05101575528996066,27.60268518040959
50,3.0,3.0,0.030113421872649218,0.06846355085850771,33.70052708903239
51,3.0,4.0,13.297780934958471,0.16270902182616734,43.44616902135993
52,3.0,5.0,21.920009005750064,0.4761555104060564,65.0061373785994
53,3.0,6.0,215.69980902364938,0.8006290776960538,59.320885879747436
54,3.0,7.0,1.2033527011822964,0.12948355881680024,46.36382593370832
55,3.0,8.0,0.05213242280820146,0.08731456952006862,40.578525067930904
56,3.0,9.0,0.02659162513591008,0.07273434765774353,36.33231615968654
57,3.0,10.0,0.01924574934693838,0.06363605974025766,33.57736376821533
58,3.0,11.0,0.009768076547198988,0.05482466373707058,31.1121034239405
59,3.0,12.0,0.008841510547409687,0.05124658625683487,29.432119899424087
60,3.0,13.0,0.006245307442281291,0.047442270540391795,28.156558038895984
61,3.0,14.0,0.0052648464165770325,0.04477173038460771,26.965068954546062
62,3.0,15.0,0.004617561805250735,0.04283542736185452,25.897666725252698
63,3.0,16.0,0.004147226791790647,0.04123422430409766,25.126813236305136
64,3.0,17.0,0.0039023354410185917,0.040135803325294386,24.5096295164958
65,3.0,18.0,0.0035939659562139303,0.03903162205298464,24.073739166994688
66,3.0,19.0,0.0034345376212556603,0.03849060329067557,23.899747054838794
67,3.0,20.0,0.0033643653514510196,0.03806038492177716,23.74426759439944
68,3.0,21.0,0.003188377006581035,0.0377009590859058,23.576537960768942
69,3.0,22.0,0.0030640267928020944,0.03705891202892772,23.14836692378011
70,3.0,23.0,0.0027640966866900644,0.036122580988026926,22.783196173708554
71,3.0,24.0,0.0026572460816551755,0.03558547852361497,22.5612190039161
72,4.0,1.0,0.011943035519707103,0.0525750916535765,28.141070663542447
73,4.0,2.0,0.021597053089390285,0.0678813593539262,34.00608579468071
74,4.0,3.0,0.1735854292468317,0.10870818902221388,43.843499067047254
75,4.0,4.0,38.331507042159316,0.4961472819419219,63.267668892554674
76,4.0,5.0,3.3058241050957453,0.31282940562688993,58.257964749655834
77,4.0,6.0,0.47744894641148217,0.11947164614208387,46.14180699401695
78,4.0,7.0,0.5287534893488527,0.0952590856289588,39.79126222201111
79,4.0,8.0,0.022264337026628833,0.07165501500501328,36.041258209035206
80,4.0,9.0,0.017080999926670542,0.06362636557346617,33.550951168617765
81,4.0,10.0,0.011245522735581305,0.056738534405761626,31.55186391783829
82,4.0,11.0,0.007203808963648647,0.050812722488367365,29.725038068919087
83,4.0,12.0,0.006852092950997206,0.047963272081430176,28.29955254282525
84,4.0,13.0,0.005285084675287875,0.04519297380684635,27.295455565248982
85,4.0,14.0,0.004598020727612618,0.0429685555361513,26.17751805264049
86,4.0,15.0,0.004123080360577733,0.04129709970414768,25.20904552733665
87,4.0,16.0,0.003655378165153872,0.03969171418399478,24.407075856665248
88,4.0,17.0,0.003557104483107564,0.03913684778352566,24.04978227328923
89,4.0,18.0,0.0033753268040665613,0.038330442937529886,23.707907627481756
90,4.0,19.0,0.0032483054345842683,0.037905903841408434,23.59940176886438
91,4.0,20.0,0.00317870605971342,0.03751741328671903,23.439630706733983
92,4.0,21.0,0.0030394413844803706,0.03714731539596977,23.275392237640528
93,4.0,22.0,0.0029416352877051455,0.0365754075839485,22.889650107149706
94,4.0,23.0,0.0026786700895015613,0.03572153776091224,22.554080875061217
95,4.0,24.0,0.002582962170942304,0.03523748025878585,22.347619660828276
96,5.0,1.0,0.05177836035038115,0.07261355558760123,34.607370421113764
97,5.0,2.0,0.8668474103492694,0.12312386244811305,43.780609532871914
98,5.0,3.0,38.54910112205075,0.48396757521005834,64.49175659697266
99,5.0,4.0,32.08907069057804,0.3464993657535859,58.06690280685687
100,5.0,5.0,0.12255713973456471,0.11039103156554735,45.22869300128293
101,5.0,6.0,0.029193158714826646,0.08197104777625429,39.73255207572612
102,5.0,7.0,0.020849150475809552,0.07080687261801331,36.44154295055719
103,5.0,8.0,0.014285030909320583,0.06323771860388548,34.008193868423504
104,5.0,9.0,0.010344682774478893,0.05710935126545541,31.814100418105742
105,5.0,10.0,0.007977586744011386,0.051961517975514876,30.062993288593628
106,5.0,11.0,0.005864528813337725,0.048118667863850745,28.654583707735917
107,5.0,12.0,0.005256529958802037,0.045631381909263566,27.33775029157973
108,5.0,13.0,0.004422883690386113,0.04335522542362113,26.549305897105793
109,5.0,14.0,0.004074275069903857,0.04170192950844724,25.69508890925028
110,5.0,15.0,0.0038053488371907404,0.04042278997046359,24.955855972728635
111,5.0,16.0,0.003469407344481688,0.03909795625611128,24.24459677345614
112,5.0,17.0,0.003349416106489003,0.03843152323044326,23.852364211833486
113,5.0,18.0,0.0032138464598962793,0.03769807470628134,23.465006446809337
114,5.0,19.0,0.003123718885469554,0.03732685325085849,23.320572171677252
115,5.0,20.0,0.003032427413173038,0.036913608156330956,23.152036593887917
116,5.0,21.0,0.002945683429382783,0.03672717684009909,23.06546360175976
117,5.0,22.0,0.002841513273552944,0.036137965836141914,22.65887696489451
118,5.0,23.0,0.002599368342106031,0.03535400208335128,22.360011952715773
119,5.0,24.0,0.00252201261430626,0.03496730383259897,22.18924255192152
120,6.0,1.0,0.13231606533694704,0.11371550373549481,44.40382697118655
121,6.0,2.0,287.52572657368813,0.7924293213438398,65.3017365110662
122,6.0,3.0,41.10610137325849,0.34435476492052963,58.208233024367786
123,6.0,4.0,0.0615153750300491,0.10433299164304662,45.05773715730469
124,6.0,5.0,0.031629106430645884,0.08058721577963096,39.178520066307435
125,6.0,6.0,0.017688046983880705,0.06918509018021245,35.93740591836144
126,6.0,7.0,0.014719631215789751,0.06304912157486517,33.943628687998775
127,6.0,8.0,0.011114061089648877,0.05765637995417897,31.920134154797793
128,6.0,9.0,0.008392750796765582,0.05288212428790347,30.04892755762477
129,6.0,10.0,0.006106164987785386,0.04843028745028369,28.714731478482147
130,6.0,11.0,0.005070942866350168,0.045726936895717676,27.70133790059341
131,6.0,12.0,0.004792480226956022,0.043957925763740024,26.573185397708535
132,6.0,13.0,0.0041314533295381,0.04211106486891534,25.87197345787651
133,6.0,14.0,0.0038353966903344455,0.040777279387184125,25.21638297409303
134,6.0,15.0,0.003588860076758345,0.039655037607037376,24.548940064106905
135,6.0,16.0,0.0032768560790051786,0.03838756498101648,23.84683709181172
136,6.0,17.0,0.003116916066798774,0.03767275102294004,23.44367607251177
137,6.0,18.0,0.0030090326586354665,0.03707432103543705,23.16422818971022
138,6.0,19.0,0.0029163197443756034,0.03670655029898741,23.019482628266598
139,6.0,20.0,0.0028580224011290774,0.03633122577314511,22.88238115400809
140,6.0,21.0,0.0027794537180362176,0.03613839382839999,22.759550469798086
141,6.0,22.0,0.002694549404826319,0.03563573006788538,22.401302939173295
142,6.0,23.0,0.0024979223135705706,0.034960136694278714,22.13286061772947
143,6.0,24.0,0.0024300129925289376,0.034605559140047024,21.98347941084455
144,7.0,1.0,37.87904452507528,0.49059917499872385,64.51565101179708
145,7.0,2.0,3.3108430388574193,0.27565583598342897,58.358281425192196
146,7.0,3.0,0.07897762032651894,0.10695847504736467,45.761831187328276
147,7.0,4.0,0.027219185502399428,0.07988479241225149,39.281953385932795
148,7.0,5.0,0.02131193053487757,0.06956312245324234,35.9405056335928
149,7.0,6.0,0.0124119449581981,0.06129750291384854,33.42503110937711
150,7.0,7.0,0.011557477076863845,0.05754516190424747,31.917316069113784
151,7.0,8.0,0.008840181346269576,0.05326975175757571,30.261240030308862
152,7.0,9.0,0.006932807295133679,0.04975567131693828,28.874161717440852
153,7.0,10.0,0.005536953476471858,0.04622010009851508,27.59804253715419
154,7.0,11.0,0.004428657548559788,0.04382597685745979,26.81210622455255
155,7.0,12.0,0.004278872589560519,0.042550390417911955,25.937716410350646
156,7.0,13.0,0.00369345279639415,0.04084158716165357,25.271592860981432
157,7.0,14.0,0.0035177259198844514,0.039761538405729845,24.66403622579799
158,7.0,15.0,0.0032803968190872963,0.038740288079525585,24.099466028490532
159,7.0,16.0,0.0030501525655178743,0.03774532116316362,23.50684547622105
160,7.0,17.0,0.002877101119525032,0.03697103491160838,23.07550267042232
161,7.0,18.0,0.002761115525361305,0.03638239866136408,22.82844610244868
162,7.0,19.0,0.0026974874888492113,0.03606115701975131,22.704697595128778
163,7.0,20.0,0.002653997884191758,0.03571895412364089,22.55362054320374
164,7.0,21.0,0.00262672788269798,0.03564780797760418,22.495132551993976
165,7.0,22.0,0.0025534699556243874,0.03516871851240784,22.14726084259447
166,7.0,23.0,0.0024040181842184777,0.034563818507948554,21.90645974877546
167,7.0,24.0,0.002348286307320554,0.03426905392833038,21.778893983255834
168,8.0,1.0,5.684143144991061,0.3098118824331349,58.553757903023495
169,8.0,2.0,0.10306889931795263,0.10880611292801244,45.82485905827306
170,8.0,3.0,0.03646095459633388,0.08061885892508158,39.569037501906166
171,8.0,4.0,0.01766973527273561,0.06809329905560513,35.77896874267468
172,8.0,5.0,0.01523120979862185,0.061623632883251504,33.41694009712155
173,8.0,6.0,0.00996246388187319,0.056114151167076555,31.510608986967952
174,8.0,7.0,0.009671490316587487,0.053544878206730845,30.291552789601305
175,8.0,8.0,0.007866225775311297,0.050152338498298636,28.84068425512322
176,8.0,9.0,0.0064234646663369555,0.04704311080462195,27.59636912592724
177,8.0,10.0,0.005029492679925497,0.04433481373457487,26.65462607997072
178,8.0,11.0,0.003982894761174205,0.04213530717378556,25.942607564517296
179,8.0,12.0,0.003798350475396686,0.040951731952317785,25.159966127566683
180,8.0,13.0,0.0033082615399009484,0.03937390224289052,24.557210910796915
181,8.0,14.0,0.0031688126619218195,0.038655213474266155,24.155548738966214
182,8.0,15.0,0.003025024759945103,0.03785050518764843,23.700954602548496
183,8.0,16.0,0.0028358024420786065,0.03696831715444654,23.15800755429202
184,8.0,17.0,0.0027012851118015536,0.03627247333107877,22.775051878922415
185,8.0,18.0,0.0025544418985541805,0.03559330959276989,22.47268939056411
186,8.0,19.0,0.0025129903258929776,0.03532874482413126,22.29496857147852
187,8.0,20.0,0.0024763524634607483,0.03501550935425743,22.16764009588742
188,8.0,21.0,0.00246791533137156,0.03496982570879312,22.080030253152824
189,8.0,22.0,0.002410417255483421,0.034553421499640066,21.82037437560521
190,8.0,23.0,0.0022932881222250665,0.0340692973729729,21.645227751499323
191,8.0,24.0,0.00224182675404842,0.033811616998142155,21.513651943069878
192,9.0,1.0,0.11226507423183497,0.11430976106090376,46.18403778301744
193,9.0,2.0,0.03553742679601953,0.07998813773690953,39.81454622040381
194,9.0,3.0,0.019999127414063823,0.06708252999878336,35.8850523792978
195,9.0,4.0,0.01145675738835691,0.05859155155130148,33.005486479978934
196,9.0,5.0,0.009552838860106981,0.05523596666181806,31.637971198242028
197,9.0,6.0,0.007740318651294175,0.051940668144843306,30.21633335826045
198,9.0,7.0,0.007168951951181178,0.049679863598592756,29.183066222047586
199,9.0,8.0,0.006221751218573575,0.047272494300868356,27.967602316116047
200,9.0,9.0,0.005152287879746977,0.044699528681908206,26.910912323991845
201,9.0,10.0,0.004628797134574266,0.04305256044487339,26.12236438568028
202,9.0,11.0,0.0036356216369201923,0.04105925704912697,25.478386100305663
203,9.0,12.0,0.003451866139763699,0.03991130609473899,24.756138043598813
204,9.0,13.0,0.0030427065299479376,0.03854112991074984,24.211200086994285
205,9.0,14.0,0.002947547536698852,0.03793488144118426,23.856389168001186
206,9.0,15.0,0.0027947135466176625,0.03711039792095032,23.379168918878324
207,9.0,16.0,0.0026701798333104436,0.03634980705430796,22.870049947985564
208,9.0,17.0,0.002545328371790734,0.035726304200460295,22.508159229195552
209,9.0,18.0,0.0024546302349836703,0.03514670417327355,22.24542632736658
210,9.0,19.0,0.002421928748255744,0.034903307321249695,22.111601837712403
211,9.0,20.0,0.0023991032870997555,0.03465233508568439,21.997827347330848
212,9.0,21.0,0.0023868594004444626,0.034596053232664674,21.897283164723557
213,9.0,22.0,0.0023276421026465627,0.0341767367550051,21.648084722568527
214,9.0,23.0,0.0022196686129872687,0.033720298061272636,21.481712502455917
215,9.0,24.0,0.0021651131266368566,0.03347370612318227,21.381928876653355
216,10.0,1.0,0.04774351920145775,0.08342659549009292,40.020427095216604
217,10.0,2.0,0.022428130867863754,0.0667233498630596,35.86258092698095
218,10.0,3.0,0.01259067344074985,0.05875890515178584,33.10871292562636
219,10.0,4.0,0.009631100539546862,0.05458230589608232,31.260456553502706
220,10.0,5.0,0.00867683159809249,0.05170664543060802,29.985027139648448
221,10.0,6.0,0.0069570045876646445,0.049112518429570554,28.908252079687294
222,10.0,7.0,0.006445280005347926,0.04700121665192768,27.946934078812678
223,10.0,8.0,0.005762951609812694,0.045291339454520595,27.02831544626946
224,10.0,9.0,0.00473639581654764,0.04331983780737319,26.2524083950455
225,10.0,10.0,0.004306695591665352,0.04198392649094267,25.657798479101796
226,10.0,11.0,0.003441598432848961,0.04018800625448691,25.066365651085096
227,10.0,12.0,0.0033145254498981197,0.03927283356105523,24.47450644913086
228,10.0,13.0,0.0029474339557638454,0.038011449855399504,23.934826829065436
229,10.0,14.0,0.0028581031296143855,0.03743716536585442,23.57129282155695
230,10.0,15.0,0.0027374596166282175,0.036667767273224475,23.111282245173502
231,10.0,16.0,0.002634825140795033,0.0360003891944706,22.676798907187123
232,10.0,17.0,0.002519928560546754,0.03543592219778931,22.338553903941683
233,10.0,18.0,0.0024322274842054265,0.0348471632232505,22.024780770979582
234,10.0,19.0,0.002392927788436932,0.03459363226939348,21.899853237433252
235,10.0,20.0,0.002365774660919947,0.03436506588942323,21.771793110517653
236,10.0,21.0,0.002354715586649352,0.03428161553669425,21.629159554290627
237,10.0,22.0,0.0022985179475780333,0.033903635908080654,21.413875341689728
238,10.0,23.0,0.002191602353641792,0.03346881068886786,21.265061713024604
239,10.0,24.0,0.0021485002134085007,0.03325450641618144,21.151532925498476
240,11.0,1.0,0.04466076492728885,0.07029372007397333,35.96587391101248
241,11.0,2.0,0.011842859856938646,0.058449993779043405,32.768162953155354
242,11.0,3.0,0.008273809668914943,0.05262181135520972,30.641935273160286
243,11.0,4.0,0.006455484460621006,0.049757030440507756,29.391344695878804
244,11.0,5.0,0.006558451069091591,0.048220667573124994,28.571329235261842
245,11.0,6.0,0.005564598957150235,0.04623502984429897,27.624504135555235
246,11.0,7.0,0.0049441157902556715,0.04446418033011182,26.905477476357806
247,11.0,8.0,0.004565760664958994,0.043220763806561674,26.203286026145317
248,11.0,9.0,0.004109943637694118,0.04184223388040101,25.610039341610275
249,11.0,10.0,0.0036025945081918035,0.04042089874346555,25.073582449018165
250,11.0,11.0,0.0032079900158859765,0.039115429190226814,24.551672338897276
251,11.0,12.0,0.0030706428004343054,0.03821616825216268,24.00988227633556
252,11.0,13.0,0.0027951793344142303,0.03720855733090106,23.51943322473667
253,11.0,14.0,0.0027091374598592326,0.036686606321937563,23.181185786445727
254,11.0,15.0,0.002617689562197544,0.036035684354814246,22.80219179318741
255,11.0,16.0,0.002524888262061823,0.03542864716434628,22.425013493971726
256,11.0,17.0,0.002417014472015817,0.03490467237631911,22.095694436190303
257,11.0,18.0,0.0023533865186314115,0.034420375753217304,21.823145886873263
258,11.0,19.0,0.0023064243174341047,0.03415589659179341,21.68704328270304
259,11.0,20.0,0.0022876044945911327,0.0339643643336924,21.53897715289193
260,11.0,21.0,0.0022824244418294154,0.033934199124992744,21.45376935066282
261,11.0,22.0,0.0022438718592917607,0.03363367483617997,21.274246552601365
262,11.0,23.0,0.00214521190210139,0.03318712973914845,21.10088035255954
263,11.0,24.0,0.002111815107018193,0.03300778069785187,21.00348516269549
264,12.0,1.0,0.011962778353484846,0.058878487378753834,33.12216884760602
265,12.0,2.0,0.007991167154694476,0.052681517039412415,30.740847597626654
266,12.0,3.0,0.006241126165881952,0.048808574340487354,29.109131111354
267,12.0,4.0,0.0053303920470661,0.04697670611031065,28.365900831194157
268,12.0,5.0,0.005019458325490587,0.04550724065841134,27.647047418774953
269,12.0,6.0,0.004595806876631611,0.044234404068207236,26.941283074695907
270,12.0,7.0,0.004263617076084596,0.042983434831788125,26.401732285107308
271,12.0,8.0,0.004088334920136449,0.042028907142752724,25.778698665964097
272,12.0,9.0,0.0037576175721247902,0.040860426606029183,25.269550315643336
273,12.0,10.0,0.0033375341255494928,0.03956496341971495,24.659103693350648
274,12.0,11.0,0.003053515674026548,0.0384441562014494,24.183022314620082
275,12.0,12.0,0.002946454743698833,0.037654277549091175,23.71170209262575
276,12.0,13.0,0.00269176790589645,0.036714709348778116,23.242856814343646
277,12.0,14.0,0.0026108800426022584,0.03619894843576866,22.913815875411352
278,12.0,15.0,0.002524888996989282,0.03555043588591913,22.524445231483917
279,12.0,16.0,0.002435153342934554,0.034997690390832586,22.187659195480105
280,12.0,17.0,0.0023335024162117564,0.0344557833485419,21.870811923118666
281,12.0,18.0,0.0022831902418267228,0.034042531406612196,21.627638844816165
282,12.0,19.0,0.002235140832142648,0.03376601669991756,21.468506680294446
283,12.0,20.0,0.0022225534281209314,0.03359171659890936,21.33331595188724
284,12.0,21.0,0.002232600987260296,0.033599146363484295,21.26226633352827
285,12.0,22.0,0.0021950334021140876,0.03331291177095207,21.071165492263457
286,12.0,23.0,0.0021110718044988035,0.03291462286421711,20.912662314345404
287,12.0,24.0,0.0020807543164492693,0.032757616278266885,20.82423796473165
288,13.0,1.0,0.008421159700439159,0.05308190978200848,30.807400886949242
289,13.0,2.0,0.00638605547748868,0.0487720656531791,29.010785196802257
290,13.0,3.0,0.005565447497430128,0.04613569861403038,27.74272634312223
291,13.0,4.0,0.004857576303511464,0.04464447259435376,27.199937861930668
292,13.0,5.0,0.004495370254408681,0.043410656677243545,26.59461368155132
293,13.0,6.0,0.004175195953156897,0.04236889429604806,26.09794712347206
294,13.0,7.0,0.003928564685201562,0.04142903806054027,25.597662464612313
295,13.0,8.0,0.0037672313069258222,0.0407146712363941,25.109451216922512
296,13.0,9.0,0.0035233437240414335,0.03972934469429161,24.636781653732257
297,13.0,10.0,0.0032010236593015477,0.03865004941379398,24.121487016634344
298,13.0,11.0,0.0029988202488418197,0.037792232837064586,23.80858603003295
299,13.0,12.0,0.002933480022039084,0.03712174997208593,23.361906535119093
300,13.0,13.0,0.0026615672957913234,0.036202725552382665,22.883324451548713
301,13.0,14.0,0.0025398174672810947,0.03567873794924542,22.58358881072241
302,13.0,15.0,0.00245990177962501,0.03514689099378663,22.270733180893288
303,13.0,16.0,0.00239273160661947,0.034607564248947856,21.940913146103885
304,13.0,17.0,0.002308536887297109,0.034135618445259384,21.643926364596794
305,13.0,18.0,0.0022560276213692697,0.033693324476415994,21.379536188577283
306,13.0,19.0,0.0022213898686617105,0.0334738173460247,21.244158915545395
307,13.0,20.0,0.002211028811172558,0.03333855927647947,21.166646147723252
308,13.0,21.0,0.0022170299799685917,0.033320330765508846,21.11254552407267
309,13.0,22.0,0.0021769630541302026,0.033056065917901424,20.93064996305397
310,13.0,23.0,0.0020845389979499843,0.03263605755277112,20.75653013621457
311,13.0,24.0,0.0020628908766813425,0.03249960670374126,20.67416145887191
312,14.0,1.0,0.006168285644259373,0.049051353763916304,29.455170919732637
313,14.0,2.0,0.005567869524830924,0.046362451277036816,27.95854488194874
314,14.0,3.0,0.004934012290152909,0.04424587506515394,26.98178993369177
315,14.0,4.0,0.0043405647913029154,0.042865974200279065,26.49766168247336
316,14.0,5.0,0.004056519352061628,0.041824752945255964,25.938983772116572
317,14.0,6.0,0.003851680949408,0.0409718257979387,25.395239042807155
318,14.0,7.0,0.003633326723079374,0.04016668118257164,25.00497682276458
319,14.0,8.0,0.003455429998596078,0.03946009945841201,24.56511509087486
320,14.0,9.0,0.003303995367876191,0.03877962126651285,24.138124880401925
321,14.0,10.0,0.0030001028790718398,0.03772173405069913,23.67753663352277
322,14.0,11.0,0.0028472554401806614,0.0370374739202759,23.389073389932445
323,14.0,12.0,0.0027733865643508535,0.036367622300666806,22.951442492286585
324,14.0,13.0,0.002549318796706805,0.035619360674622354,22.562535023590776
325,14.0,14.0,0.002462260773221933,0.035219186703641325,22.32184690019002
326,14.0,15.0,0.002393845863909402,0.03474785822834942,22.06060675028866
327,14.0,16.0,0.0023338498465829485,0.03425589379534962,21.774725745211992
328,14.0,17.0,0.002254566323081217,0.033783110144073814,21.477481019797075
329,14.0,18.0,0.0022198845481509496,0.03343157537113938,21.26592931409659
330,14.0,19.0,0.0021889170197709343,0.033227649803486414,21.128126485430833
331,14.0,20.0,0.0021863894708505655,0.03310261935405481,21.03508017492789
332,14.0,21.0,0.0021894333196553306,0.03308978050491186,20.95738573400153
333,14.0,22.0,0.00214317823932086,0.03282215653156609,20.76254645197093
334,14.0,23.0,0.0020412688205031465,0.032373685423413845,20.58570390799675
335,14.0,24.0,0.0020227735481667575,0.03224077477814463,20.51179308328323
336,15.0,1.0,0.005429853279909378,0.045990173742606374,27.897054404296373
337,15.0,2.0,0.004921849884706901,0.04383561477009622,26.670566202258673
338,15.0,3.0,0.004375101680028583,0.042182802467042244,25.99889145183755
339,15.0,4.0,0.003944826619537569,0.04110114601936561,25.595963596071147
340,15.0,5.0,0.003760233478615685,0.04033578572188411,25.202483750188204
341,15.0,6.0,0.00358254038575044,0.03967592399847227,24.75312870827038
342,15.0,7.0,0.0034147548126392093,0.03908130361681454,24.442737495560802
343,15.0,8.0,0.0032714535390295963,0.03857924989800675,24.111405684542266
344,15.0,9.0,0.0031419722421830608,0.03799867906217567,23.76495498162708
345,15.0,10.0,0.0028601657118527235,0.036955568313272354,23.30132886227361
346,15.0,11.0,0.0026987674491913225,0.036281413013137684,22.999234466978635
347,15.0,12.0,0.002682316403317003,0.03571713345155102,22.61284495566109
348,15.0,13.0,0.0024401564096787507,0.034977525108502695,22.244106732094117
349,15.0,14.0,0.002360493439711861,0.03459062568079375,22.007356685474416
350,15.0,15.0,0.0023031824147508395,0.034215427374957405,21.78858150725957
351,15.0,16.0,0.0022514838089965038,0.03379845390258626,21.526479165840236
352,15.0,17.0,0.0021746192908558906,0.03334378963510738,21.275744782001365
353,15.0,18.0,0.0021406927503139065,0.033033695888395366,21.086353545839412
354,15.0,19.0,0.0021126642709753418,0.0328412773383388,20.948920512355436
355,15.0,20.0,0.002110171779164556,0.03275391224928636,20.911259354025063
356,15.0,21.0,0.0021222413070625264,0.03276117623720813,20.83853690735444
357,15.0,22.0,0.002077297320313657,0.032526989471433884,20.66778274865588
358,15.0,23.0,0.001976701670921794,0.03208170866911071,20.502993909123454
359,15.0,24.0,0.001959996342598871,0.031952616968763864,20.42450409456736
360,16.0,1.0,0.004809249447133468,0.043621671246794086,26.85359949401045
361,16.0,2.0,0.004491707433301105,0.041897347630232194,25.754260640475803
362,16.0,3.0,0.003970238347040963,0.04056057557319226,25.288067510843685
363,16.0,4.0,0.0036605821706706333,0.03978181267064177,24.972380386074963
364,16.0,5.0,0.0035079590087477206,0.03923590061704086,24.596357725974084
365,16.0,6.0,0.0034039812685865115,0.038788248494989665,24.269024563039878
366,16.0,7.0,0.003252193320583649,0.038239098318698865,23.98135126970199
367,16.0,8.0,0.0031200769065508373,0.03774372564644377,23.671801981447455
368,16.0,9.0,0.0030022794748448124,0.03722979115799278,23.33469264751694
369,16.0,10.0,0.002718536797809139,0.03620965007557281,22.86498347783995
370,16.0,11.0,0.00258531329021631,0.03566195190069449,22.625836024915365
371,16.0,12.0,0.0025616775487887285,0.03508552326581229,22.204833356315536
372,16.0,13.0,0.002334613322261377,0.03440473165232191,21.880602630299027
373,16.0,14.0,0.0022531663015371347,0.03403851479590612,21.67301461885189
374,16.0,15.0,0.002196822196204231,0.03366368756714139,21.453564976338665
375,16.0,16.0,0.002152669533877147,0.033322565843600944,21.2302732098766
376,16.0,17.0,0.002091361663171824,0.03294867755551979,21.05759093151938
377,16.0,18.0,0.0020584013473277734,0.03264955731072874,20.859851780686274
378,16.0,19.0,0.002038387676931664,0.032481930963201386,20.728219855242592
379,16.0,20.0,0.0020399404292562647,0.03244760015781533,20.726864030905322
380,16.0,21.0,0.0020488933544855533,0.0324279047012404,20.655334449410347
381,16.0,22.0,0.002006083678721647,0.03220500653119908,20.520298819120107
382,16.0,23.0,0.0019438990869533764,0.03184342519541485,20.339133379257927
383,16.0,24.0,0.0019281118919878433,0.03173802834276984,20.28178898138378
384,17.0,1.0,0.004867053653354019,0.042817928472788806,26.223673672630675
385,17.0,2.0,0.004597805291567105,0.041268339320009145,25.271359861384443
386,17.0,3.0,0.004136804768284382,0.04005897015874362,24.799174277682468
387,17.0,4.0,0.0038494437678916965,0.03936669765412715,24.505256234836324
388,17.0,5.0,0.0036348721900990983,0.03877338446623133,24.14513258135764
389,17.0,6.0,0.0035610792712311365,0.03836657447894707,23.849342346416826
390,17.0,7.0,0.0034532117552733698,0.037819242230140514,23.55945864487361
391,17.0,8.0,0.0031194616849122563,0.037273245849438204,23.251712370294246
392,17.0,9.0,0.00296684524965788,0.03681043909584604,22.985766304941695
393,17.0,10.0,0.0026937587819407254,0.035824218234458485,22.535903334064177
394,17.0,11.0,0.002578712432310157,0.03533247110737711,22.348198860710827
395,17.0,12.0,0.002548330227114855,0.03478058031577706,21.937060721461133
396,17.0,13.0,0.0023305485123319316,0.0341506710592236,21.66851559029563
397,17.0,14.0,0.0022352246769453857,0.033760846263706665,21.478921605709953
398,17.0,15.0,0.00217868992659443,0.03340589678438224,21.279452403720565
399,17.0,16.0,0.0021440785708869018,0.03311198464534643,21.086597864751983
400,17.0,17.0,0.002084145317080533,0.03278989473506843,20.924566015326004
401,17.0,18.0,0.0020531834355518694,0.032536802836166716,20.766956245012075
402,17.0,19.0,0.0020287824234366436,0.03235870859662603,20.627208522562274
403,17.0,20.0,0.0020312137719409947,0.03232795256982032,20.60993123003409
404,17.0,21.0,0.0020322455152945156,0.03226647588466813,20.512230393748727
405,17.0,22.0,0.001997057933047242,0.03208712330443941,20.401459714854436
406,17.0,23.0,0.001926757303095777,0.03168975558891553,20.21076888304518
407,17.0,24.0,0.00191127329048036,0.031596911520946874,20.174603052207548
408,18.0,1.0,0.004712572350518275,0.04196297864018563,25.78065170367187
409,18.0,2.0,0.004531049076627436,0.040671100351356404,24.985969436295534
410,18.0,3.0,0.004089079057089727,0.03953805943896313,24.55674906035013
411,18.0,4.0,0.0037912428197074267,0.03880879103166399,24.212579156659526
412,18.0,5.0,0.003562268277734209,0.038226229200583106,23.84252111403879
413,18.0,6.0,0.003533269181198488,0.03790781517900949,23.567713003796907
414,18.0,7.0,0.0034278199747709687,0.03739019205230566,23.33122509409646
415,18.0,8.0,0.0030484164207282695,0.03686518167894921,23.065540375674928
416,18.0,9.0,0.002897037324598583,0.03644828085905608,22.846188015056327
417,18.0,10.0,0.002636326226867226,0.03546705440495892,22.371770158163226
418,18.0,11.0,0.002522339795717559,0.03497034758590993,22.19179208595606
419,18.0,12.0,0.0025035315134960736,0.03449842959682586,21.799497648416153
420,18.0,13.0,0.002302060375738165,0.033932163236206576,21.580837210714424
421,18.0,14.0,0.002212315032380648,0.03355945987257218,21.37154397832303
422,18.0,15.0,0.00216095336168942,0.033229477933042574,21.1825842960353
423,18.0,16.0,0.0021299801107145856,0.03299920830615078,21.042448050581655
424,18.0,17.0,0.0020732814824004756,0.032695498089433644,20.87718502352295
425,18.0,18.0,0.002046086503430328,0.03244608951596954,20.72543362164821
426,18.0,19.0,0.0020202411133260377,0.032270741638311944,20.58794469256227
427,18.0,20.0,0.0020189896009506557,0.03222897645520175,20.55143515797358
428,18.0,21.0,0.0020168368864817224,0.03215222213193464,20.44153537010615
429,18.0,22.0,0.001984931172790502,0.031976568546584976,20.342204940118545
430,18.0,23.0,0.0019191950035259164,0.03158398054652421,20.16249858622791
431,18.0,24.0,0.001903197657548607,0.03149282677364227,20.142045543512523
432,19.0,1.0,0.0043296346479950445,0.04095003303957864,25.379720077481032
433,19.0,2.0,0.0042045228773782955,0.03977533268302157,24.64933580633677
434,19.0,3.0,0.0038894663928520016,0.03887621820580722,24.234971150126448
435,19.0,4.0,0.00366921259723516,0.0383310274122021,23.956062645957132
436,19.0,5.0,0.00343695495431066,0.037775603441770327,23.644378788591883
437,19.0,6.0,0.00340696845079202,0.03746942412559812,23.409858303243364
438,19.0,7.0,0.0033137235480851404,0.03697834666202286,23.130692378947245
439,19.0,8.0,0.0029558375590664496,0.03650705005947034,22.91821811120165
440,19.0,9.0,0.0028215168904345512,0.03615673788747015,22.76372229874005
441,19.0,10.0,0.0025817798945963946,0.035233960028485584,22.334991464240368
442,19.0,11.0,0.0024747618414477012,0.03479740821390033,22.170585488105036
443,19.0,12.0,0.002455185451603968,0.034336817033213465,21.797117940375074
444,19.0,13.0,0.0022518081937734826,0.03374503876691111,21.557606223867943
445,19.0,14.0,0.002173982511676018,0.03339768536703939,21.34071595409833
446,19.0,15.0,0.0021215637306749233,0.03305714871503193,21.1302350493293
447,19.0,16.0,0.0020911822955276367,0.03282178826045446,20.990515280867886
448,19.0,17.0,0.0020393245430688654,0.03252665563585872,20.834039895002046
449,19.0,18.0,0.0020168414305340087,0.03230644504536934,20.6904697778157
450,19.0,19.0,0.001990961050996632,0.03212931995900151,20.536204365505046
451,19.0,20.0,0.001990883906993501,0.03209921361555207,20.500858658937283
452,19.0,21.0,0.0019887829924946226,0.032030027760827036,20.390623390878226
453,19.0,22.0,0.001957421682923292,0.031862620436237686,20.299648987711944
454,19.0,23.0,0.0018951038072599468,0.03148637487252068,20.122104253545928
455,19.0,24.0,0.001882247304275503,0.03141507009594123,20.10645826155318
456,20.0,1.0,0.003991360736795684,0.04018042679505442,25.022313938476533
457,20.0,2.0,0.003933585052874542,0.03919639516956064,24.34770265819238
458,20.0,3.0,0.003654360227117363,0.03837143895039106,24.00754417433334
459,20.0,4.0,0.0034292240978191658,0.03776760538736458,23.641667126058675
460,20.0,5.0,0.003222179890770632,0.03723177429468559,23.342986394854346
461,20.0,6.0,0.0033020202016454813,0.03709641783733035,23.199085308190227
462,20.0,7.0,0.003228490899230865,0.03676118757741288,22.99773116053441
463,20.0,8.0,0.0030229702106713274,0.03639222498923556,22.77687127621942
464,20.0,9.0,0.0029109945610642455,0.03606909704494059,22.628194597668315
465,20.0,10.0,0.0026689300562600955,0.03520625977517275,22.24410687354728
466,20.0,11.0,0.002570270556553882,0.034777451769871064,22.074093934594803
467,20.0,12.0,0.002538861103687925,0.034300567947566564,21.70442423766273
468,20.0,13.0,0.002332650910561249,0.03371921313921964,21.462853791976297
469,20.0,14.0,0.002252987267556287,0.03334972213711909,21.23585175805803
470,20.0,15.0,0.002200786878212158,0.033015322873252526,21.029171620883066
471,20.0,16.0,0.0021659112375468376,0.03275101056350582,20.86825108820723
472,20.0,17.0,0.002100972202541028,0.03250098328697059,20.751764328725226
473,20.0,18.0,0.002074411759436896,0.032266209498883376,20.61364508365369
474,20.0,19.0,0.0020447237694845755,0.03210593439009488,20.48366124550548
475,20.0,20.0,0.0020445016599510246,0.03208759783006291,20.447618730664928
476,20.0,21.0,0.002028767648369062,0.03201132464575627,20.357106995185354
477,20.0,22.0,0.0019990292912982367,0.031847189820564475,20.278057972941056
478,20.0,23.0,0.00192047251477295,0.03145637177726012,20.1000473539519
479,20.0,24.0,0.0019087600773176451,0.03139791429287418,20.08866053210872
480,21.0,1.0,0.003812364072331521,0.039376805046855604,24.56933024306051
481,21.0,2.0,0.003708522807898178,0.038374649937689805,23.96449995826404
482,21.0,3.0,0.0034518582001254474,0.03762296104977609,23.66096783945615
483,21.0,4.0,0.0032801601387584868,0.03712850579972734,23.38904762771793
484,21.0,5.0,0.003085525001266715,0.036657549599680005,23.116635724261446
485,21.0,6.0,0.00314445801043552,0.03653376560533353,22.96280550242665
486,21.0,7.0,0.003076407368245583,0.036262718034384564,22.77880014543478
487,21.0,8.0,0.0029275954449523352,0.03592343794804956,22.516278344038025
488,21.0,9.0,0.0028086695618924486,0.0356125922659427,22.328548477601387
489,21.0,10.0,0.0025822908166415314,0.03479152002448811,21.971909510466354
490,21.0,11.0,0.0024895199366438293,0.03439368669618849,21.817885696738152
491,21.0,12.0,0.002469052205528367,0.033960469761084945,21.485278650058625
492,21.0,13.0,0.0022780263214726136,0.033435751613785,21.283373836315835
493,21.0,14.0,0.0021968452793424513,0.03305933912286672,21.038624722001718
494,21.0,15.0,0.002145998944175807,0.032739903154862075,20.850794833005956
495,21.0,16.0,0.0021038555364863375,0.03245670141090925,20.681709726806005
496,21.0,17.0,0.002048261906036252,0.03223609796391509,20.581508007078817
497,21.0,18.0,0.002027460224145303,0.03202144311856141,20.447300235217828
498,21.0,19.0,0.0020025218323508477,0.031872803493355965,20.316250282829465
499,21.0,20.0,0.0020036854294048284,0.031859079897501016,20.288591201534864
500,21.0,21.0,0.0019973310862522664,0.03182433352983403,20.23456779734804
501,21.0,22.0,0.001972422360236422,0.031685973171467215,20.165670477654132
502,21.0,23.0,0.0019049075361517829,0.03133454889516482,20.00219130453724
503,21.0,24.0,0.0018911106582212493,0.03126364393963265,19.98615913372786
504,22.0,1.0,0.003264730593951467,0.03804473947404443,24.08471964379114
505,22.0,2.0,0.0031704659554829514,0.037102138671678594,23.467169929088556
506,22.0,3.0,0.0029604083907352756,0.03648085833795889,23.223916949831235
507,22.0,4.0,0.0028777539099567886,0.036209516265608255,23.036706537682555
508,22.0,5.0,0.0027984634906589733,0.035911290604451626,22.798017718188266
509,22.0,6.0,0.002834619099978519,0.035805092614858786,22.66455858373641
510,22.0,7.0,0.0027717069958663625,0.03552515394163869,22.479107439305878
511,22.0,8.0,0.002698360244388563,0.03528099930148993,22.241485662164177
512,22.0,9.0,0.0025977327793891124,0.03499169002472884,22.09004286490877
513,22.0,10.0,0.002428670074996597,0.03424421506614765,21.751610567181938
514,22.0,11.0,0.0023538493937091615,0.033852815722208184,21.557247913295473
515,22.0,12.0,0.002351073044159892,0.03350493719059485,21.27465544944226
516,22.0,13.0,0.0022024725174428707,0.03303996269986756,21.067110821139966
517,22.0,14.0,0.002140851046331681,0.03272768599840915,20.850751774590503
518,22.0,15.0,0.0020922849659803684,0.03242852943687651,20.67441222956302
519,22.0,16.0,0.0020519698733521435,0.03214141406951547,20.512389263779724
520,22.0,17.0,0.0019985839871626116,0.03190684460310787,20.396933222199973
521,22.0,18.0,0.0019806696469149114,0.03171713846921981,20.27348064455709
522,22.0,19.0,0.0019575569080720785,0.031558825952379604,20.13565285497845
523,22.0,20.0,0.0019599012790920485,0.031569225117877756,20.119920644691486
524,22.0,21.0,0.0019565602196077786,0.0315584048188323,20.09243509799077
525,22.0,22.0,0.0019343440318603125,0.031444162373581955,20.039783750751006
526,22.0,23.0,0.001875486768086032,0.031133929444418333,19.90109437568989
527,22.0,24.0,0.0018692994709400617,0.031109813594528482,19.895470212977987
528,23.0,1.0,0.0029742816441439275,0.0368814297986048,23.628860591430055
529,23.0,2.0,0.0029679974401091583,0.03627604125434527,23.118702973431773
530,23.0,3.0,0.002813934905385168,0.035770793575885806,22.855398364886085
531,23.0,4.0,0.0027114639359686952,0.035490947378841196,22.650016930727833
532,23.0,5.0,0.0026102400055184887,0.03515035944526969,22.446019263023864
533,23.0,6.0,0.00260391796110072,0.03502665707450471,22.333260705049188
534,23.0,7.0,0.002560273367120372,0.0347739555062229,22.15157207242276
535,23.0,8.0,0.0025045228995696223,0.03460140004615649,21.992367217319686
536,23.0,9.0,0.0024115943672868507,0.03427385780443005,21.825697602369356
537,23.0,10.0,0.0022779683386942675,0.03363733911666981,21.509852644767705
538,23.0,11.0,0.0022231043901302272,0.03330340874291678,21.335873976744402
539,23.0,12.0,0.0022313342486802346,0.03303230986228349,21.083168529349976
540,23.0,13.0,0.0021370066440113754,0.03265408129508987,20.86513754612754
541,23.0,14.0,0.00207069404547568,0.03231952691865515,20.649434243136923
542,23.0,15.0,0.0020180774519778354,0.03200785951654653,20.472326500777474
543,23.0,16.0,0.0019830425598788507,0.031742823842902335,20.329035167455846
544,23.0,17.0,0.0019334560776509346,0.03152632820764195,20.21527698686002
545,23.0,18.0,0.0019179788761625291,0.031357738523347806,20.102452641478425
546,23.0,19.0,0.0019033202728271294,0.0312554438325005,19.99047098159413
547,23.0,20.0,0.0019106735850628737,0.031304660576067705,19.98385551202292
548,23.0,21.0,0.0019077707736464913,0.031290061449660886,19.961539554175157
549,23.0,22.0,0.0018920911701892137,0.031202453619292355,19.928011516507688
550,23.0,23.0,0.0018514968661449752,0.030982452729502324,19.807168407301145
551,23.0,24.0,0.0018438853322543108,0.03094385107140588,19.797544903504374
552,24.0,1.0,0.002834587021409177,0.03624888188638125,23.33925230344123
553,24.0,2.0,0.0028586530397566308,0.035828014893541565,22.97952342667718
554,24.0,3.0,0.0027224402365967283,0.03538136687848216,22.76665929174324
555,24.0,4.0,0.0026275963766646824,0.03512211093509901,22.555546628942963
556,24.0,5.0,0.0025212329164600983,0.0347634436435609,22.35887799564963
557,24.0,6.0,0.0025112567186422103,0.034667830890785636,22.251300940808
558,24.0,7.0,0.002472034186101237,0.03443974286498946,22.084123557573744
559,24.0,8.0,0.00243064553766393,0.03432496931477422,21.953764803824924
560,24.0,9.0,0.0023562421930989454,0.03403557594062932,21.794324598524906
561,24.0,10.0,0.002241663723192383,0.03344101192392736,21.483720522114446
562,24.0,11.0,0.002191545628054552,0.03314300499952649,21.32627168995606
563,24.0,12.0,0.0021981904429320726,0.03288958255525944,21.06813713452687
564,24.0,13.0,0.002106607677435027,0.03249631500611763,20.839716084412306
565,24.0,14.0,0.002044368164627563,0.03216571367531249,20.62095491798481
566,24.0,15.0,0.001991309160798532,0.03185717180474561,20.436887221786666
567,24.0,16.0,0.001957074245193693,0.03159606751645993,20.29388461635073
568,24.0,17.0,0.0019060150958653086,0.03136383915931556,20.150557421783468
569,24.0,18.0,0.0018911345045891086,0.03119906085974148,20.03504177997537
570,24.0,19.0,0.0018808034610052272,0.03114237237366318,19.96571321477493
571,24.0,20.0,0.0018867490235815315,0.03118364450990143,19.956909372395966
572,24.0,21.0,0.0018806739541240753,0.031150015220946525,19.928479290776757
573,24.0,22.0,0.001864886180314232,0.031054271683609424,19.89319536059203
574,24.0,23.0,0.0018339140751769858,0.030880754301811964,19.793565066311665
575,24.0,24.0,0.0018256048173240088,0.030838604319023997,19.777286161561594
