,true,pred
2016-10-28 00:00:00,68.36,64.26614
2016-10-28 01:00:00,70.78,57.165916
2016-10-28 02:00:00,68.04,65.97743
2016-10-28 03:00:00,64.55,52.45625
2016-10-28 04:00:00,64.36,58.975327
2016-10-28 05:00:00,62.85000000000001,65.937515
2016-10-28 06:00:00,68.51,58.862244
2016-10-28 07:00:00,81.50000000000001,80.036644
2016-10-28 08:00:00,123.63000000000001,101.537445
2016-10-28 09:00:00,222.92000000000004,202.05397
2016-10-28 10:00:00,255.64000000000001,226.34955
2016-10-28 11:00:00,255.31000000000003,240.57797
2016-10-28 12:00:00,255.12,225.1804
2016-10-28 13:00:00,237.15999999999997,221.58311
2016-10-28 14:00:00,245.48,221.7974
2016-10-28 15:00:00,254.23000000000005,227.94412
2016-10-28 16:00:00,261.36,243.85306
2016-10-28 17:00:00,266.05,231.89598
2016-10-28 18:00:00,239.30000000000004,210.34142
2016-10-28 19:00:00,197.6,185.49228
2016-10-28 20:00:00,179.75,163.23491
2016-10-28 21:00:00,148.32999999999998,145.02898
2016-10-28 22:00:00,97.09,79.578636
2016-10-28 23:00:00,78.79999999999998,73.15953
2016-10-29 00:00:00,72.9,64.64076
2016-10-29 01:00:00,70.63,58.11555
2016-10-29 02:00:00,67.53,65.63803
2016-10-29 03:00:00,63.5,52.91157
2016-10-29 04:00:00,63.17999999999999,58.225834
2016-10-29 05:00:00,59.449999999999996,66.2332
2016-10-29 06:00:00,68.62,59.610588
2016-10-29 07:00:00,75.92,80.09336
2016-10-29 08:00:00,110.91,104.157524
2016-10-29 09:00:00,194.79000000000002,207.4013
2016-10-29 10:00:00,237.60000000000002,232.15572
2016-10-29 11:00:00,236.33,246.3115
2016-10-29 12:00:00,239.01,231.34511
2016-10-29 13:00:00,233.39000000000001,227.10208
2016-10-29 14:00:00,224.61,227.7522
2016-10-29 15:00:00,207.58,233.28185
2016-10-29 16:00:00,182.66000000000003,247.80615
2016-10-29 17:00:00,165.32,237.24797
2016-10-29 18:00:00,175.57999999999998,214.35216
2016-10-29 19:00:00,170.5,188.27483
2016-10-29 20:00:00,151.85,164.71342
2016-10-29 21:00:00,141.19,146.78072
2016-10-29 22:00:00,92.42,81.29091
2016-10-29 23:00:00,70.2,73.246376
2016-10-30 00:00:00,65.24000000000001,74.945496
2016-10-30 01:00:00,63.5,63.160362
2016-10-30 02:00:00,64.91,63.68332
2016-10-30 03:00:00,63.78999999999999,49.698555
2016-10-30 04:00:00,59.5,53.799923
2016-10-30 05:00:00,57.599999999999994,63.51522
2016-10-30 06:00:00,61.230000000000004,56.36543
2016-10-30 07:00:00,72.26,56.895004
2016-10-30 08:00:00,73.47,57.55996
2016-10-30 09:00:00,113.8,131.75641
2016-10-30 10:00:00,136.7,156.75854
2016-10-30 11:00:00,137.94,159.39261
2016-10-30 12:00:00,136.98,147.12971
2016-10-30 13:00:00,141.91000000000003,161.16943
2016-10-30 14:00:00,145.32999999999998,149.9903
2016-10-30 15:00:00,146.42000000000002,173.66101
2016-10-30 16:00:00,148.9,163.55312
2016-10-30 17:00:00,146.63,183.65529
2016-10-30 18:00:00,153.94,174.08391
2016-10-30 19:00:00,152.60999999999999,160.19933
2016-10-30 20:00:00,149.47999999999996,135.24081
2016-10-30 21:00:00,132.38,129.7864
2016-10-30 22:00:00,87.07000000000001,65.979546
2016-10-30 23:00:00,73.16,70.00677
2016-10-31 00:00:00,69.69,62.266598
2016-10-31 01:00:00,64.47999999999999,61.92795
2016-10-31 02:00:00,64.22,59.494343
2016-10-31 03:00:00,63.36,55.15592
2016-10-31 04:00:00,63.11,60.835987
2016-10-31 05:00:00,63.61000000000001,77.33371
2016-10-31 06:00:00,66.53,69.26872
2016-10-31 07:00:00,82.25999999999999,80.139786
2016-10-31 08:00:00,137.71,142.17197
2016-10-31 09:00:00,234.39000000000001,257.43002
2016-10-31 10:00:00,274.57,304.27594
2016-10-31 11:00:00,279.61000000000007,305.24973
2016-10-31 12:00:00,265.1,289.01736
2016-10-31 13:00:00,260.34,289.2957
2016-10-31 14:00:00,253.42999999999998,294.77173
2016-10-31 15:00:00,250.92000000000002,295.749
2016-10-31 16:00:00,252.54,294.5476
2016-10-31 17:00:00,268.74000000000007,311.53058
2016-10-31 18:00:00,244.44000000000003,278.97104
2016-10-31 19:00:00,200.56,226.06871
2016-10-31 20:00:00,183.72000000000003,186.51265
2016-10-31 21:00:00,138.85000000000002,161.49432
2016-10-31 22:00:00,99.78,94.90484
2016-10-31 23:00:00,74.8,69.963104
2016-11-01 00:00:00,69.94,55.987473
2016-11-01 01:00:00,67.06,58.26006
2016-11-01 02:00:00,68.91,63.109947
2016-11-01 03:00:00,67.47,43.347977
2016-11-01 04:00:00,65.84,58.01514
2016-11-01 05:00:00,61.129999999999995,69.91964
2016-11-01 06:00:00,67.25,60.85464
2016-11-01 07:00:00,88.49,78.04446
2016-11-01 08:00:00,136.69,120.20025
2016-11-01 09:00:00,256.14,229.70679
2016-11-01 10:00:00,297.00000000000006,259.87323
2016-11-01 11:00:00,297.36,273.61166
2016-11-01 12:00:00,288.32,253.84636
2016-11-01 13:00:00,274.79,255.50722
2016-11-01 14:00:00,268.95,257.2151
2016-11-01 15:00:00,258.90999999999997,260.01117
2016-11-01 16:00:00,253.26000000000002,274.407
2016-11-01 17:00:00,263.27,270.22247
2016-11-01 18:00:00,241.08000000000007,244.66435
2016-11-01 19:00:00,199.83,199.79309
2016-11-01 20:00:00,186.16,170.95601
2016-11-01 21:00:00,142.70999999999998,157.54428
2016-11-01 22:00:00,99.66000000000001,89.43399
2016-11-01 23:00:00,79.7,66.54004
2016-11-02 00:00:00,77.01,68.83709
2016-11-02 01:00:00,73.8,61.45928
2016-11-02 02:00:00,74.44,61.11135
2016-11-02 03:00:00,73.55,51.131367
2016-11-02 04:00:00,74.13,65.73161
2016-11-02 05:00:00,69.73,64.98266
2016-11-02 06:00:00,79.05,69.99343
2016-11-02 07:00:00,97.06,80.85544
2016-11-02 08:00:00,154.95000000000002,136.53966
2016-11-02 09:00:00,283.5,232.18112
2016-11-02 10:00:00,306.1,277.79974
2016-11-02 11:00:00,303.18,269.60638
2016-11-02 12:00:00,288.26,268.00085
2016-11-02 13:00:00,255.46,263.93356
2016-11-02 14:00:00,251.10000000000005,269.94983
2016-11-02 15:00:00,248.36000000000004,267.43686
2016-11-02 16:00:00,251.20999999999998,258.45087
2016-11-02 17:00:00,253.34,260.6845
2016-11-02 18:00:00,230.26000000000002,229.79456
2016-11-02 19:00:00,195.49,205.3352
2016-11-02 20:00:00,178.26999999999998,174.81268
2016-11-02 21:00:00,135.29,155.703
2016-11-02 22:00:00,97.96000000000001,94.87306
2016-11-02 23:00:00,80.75000000000001,78.70178
2016-11-03 00:00:00,73.41,68.621284
2016-11-03 01:00:00,69.12,63.650753
2016-11-03 02:00:00,69.74,60.88813
2016-11-03 03:00:00,66.57,49.45848
2016-11-03 04:00:00,66.05999999999999,68.22693
2016-11-03 05:00:00,64.94,70.21344
2016-11-03 06:00:00,72.84,70.43068
2016-11-03 07:00:00,85.39,85.2718
2016-11-03 08:00:00,141.92000000000002,129.64285
2016-11-03 09:00:00,248.29,226.6979
2016-11-03 10:00:00,274.90000000000003,273.036
2016-11-03 11:00:00,273.17,265.94592
2016-11-03 12:00:00,268.39,263.76724
2016-11-03 13:00:00,260.96,255.85867
2016-11-03 14:00:00,263.15999999999997,264.1774
2016-11-03 15:00:00,262.69000000000005,261.44647
2016-11-03 16:00:00,258.84000000000003,261.0065
2016-11-03 17:00:00,266.36,252.64197
2016-11-03 18:00:00,248.58,227.28474
2016-11-03 19:00:00,202.58,200.21815
2016-11-03 20:00:00,178.84,173.39839
2016-11-03 21:00:00,147.71,152.87367
2016-11-03 22:00:00,104.14,91.13885
2016-11-03 23:00:00,77.98,82.057976
2016-11-04 00:00:00,71.67,70.04749
2016-11-04 01:00:00,67.35,63.18256
2016-11-04 02:00:00,67.4,61.378166
2016-11-04 03:00:00,68.12,51.096043
2016-11-04 04:00:00,68.11,66.790115
2016-11-04 05:00:00,63.03,69.35534
2016-11-04 06:00:00,75.1,69.23515
2016-11-04 07:00:00,93.99000000000001,83.48395
2016-11-04 08:00:00,138.10000000000002,124.32076
2016-11-04 09:00:00,265.1,218.67937
2016-11-04 10:00:00,283.17999999999995,262.7786
2016-11-04 11:00:00,279.93,258.2497
2016-11-04 12:00:00,274.72,256.40247
2016-11-04 13:00:00,253.91000000000003,248.196
2016-11-04 14:00:00,259.06,254.86284
2016-11-04 15:00:00,253.48,253.05417
2016-11-04 16:00:00,243.60999999999999,253.53314
2016-11-04 17:00:00,253.04000000000002,246.06691
2016-11-04 18:00:00,226.01000000000002,221.1726
2016-11-04 19:00:00,205.34000000000003,197.2425
2016-11-04 20:00:00,187.63,171.03496
2016-11-04 21:00:00,154.05,149.59402
2016-11-04 22:00:00,97.17,88.751564
2016-11-04 23:00:00,79.71000000000002,82.658264
2016-11-05 00:00:00,72.62,69.49754
2016-11-05 01:00:00,69.34,62.90599
2016-11-05 02:00:00,69.77000000000001,61.60294
2016-11-05 03:00:00,69.52000000000001,50.80425
2016-11-05 04:00:00,72.47,66.72243
2016-11-05 05:00:00,68.04,69.49812
2016-11-05 06:00:00,75.35,68.99377
2016-11-05 07:00:00,90.53,83.65479
2016-11-05 08:00:00,123.66,123.091545
2016-11-05 09:00:00,218.02,217.83852
2016-11-05 10:00:00,249.8,261.19522
2016-11-05 11:00:00,245.24000000000004,257.348
2016-11-05 12:00:00,252.03000000000003,254.92357
2016-11-05 13:00:00,242.25000000000003,246.52388
2016-11-05 14:00:00,231.12000000000003,253.41284
2016-11-05 15:00:00,221.68,251.84111
2016-11-05 16:00:00,177.91,253.82611
2016-11-05 17:00:00,169.16,245.19658
2016-11-05 18:00:00,172.55000000000004,220.47266
2016-11-05 19:00:00,169.16,196.47644
2016-11-05 20:00:00,159.69,170.59567
2016-11-05 21:00:00,138.2,149.284
2016-11-05 22:00:00,95.77,88.019356
2016-11-05 23:00:00,74.27000000000001,82.08147
2016-11-06 00:00:00,71.49,72.74981
2016-11-06 01:00:00,71.28,63.38609
2016-11-06 02:00:00,70.46000000000001,70.22138
2016-11-06 03:00:00,70.31,39.566956
2016-11-06 04:00:00,67.42999999999999,71.46313
2016-11-06 05:00:00,69.4,65.33316
2016-11-06 06:00:00,68.18,63.682674
2016-11-06 07:00:00,72.75999999999999,56.140884
2016-11-06 08:00:00,83.27000000000001,74.595894
2016-11-06 09:00:00,111.42,123.35413
2016-11-06 10:00:00,133.70999999999998,160.0045
2016-11-06 11:00:00,146.02,156.61592
2016-11-06 12:00:00,139.61,167.03053
2016-11-06 13:00:00,142.77,165.17642
2016-11-06 14:00:00,139.14000000000001,160.4479
2016-11-06 15:00:00,142.09,168.08076
2016-11-06 16:00:00,146.51999999999998,166.63246
2016-11-06 17:00:00,152.17,173.94908
2016-11-06 18:00:00,162.18,168.38104
2016-11-06 19:00:00,159.08,153.15175
2016-11-06 20:00:00,150.8,130.58739
2016-11-06 21:00:00,132.22,135.18526
2016-11-06 22:00:00,87.84,70.25487
2016-11-06 23:00:00,78.22,64.88509
2016-11-07 00:00:00,76.03,61.495308
2016-11-07 01:00:00,69.49000000000001,63.314137
2016-11-07 02:00:00,66.06,66.544685
2016-11-07 03:00:00,69.26,45.734554
2016-11-07 04:00:00,69.12,76.175964
2016-11-07 05:00:00,65.81,71.921745
2016-11-07 06:00:00,72.61,70.38435
2016-11-07 07:00:00,90.22,69.82573
2016-11-07 08:00:00,136.32999999999998,124.58678
2016-11-07 09:00:00,227.74,205.56345
2016-11-07 10:00:00,254.27,253.25514
2016-11-07 11:00:00,254.31000000000003,247.41826
2016-11-07 12:00:00,236.81,247.54256
2016-11-07 13:00:00,233.61,245.30972
2016-11-07 14:00:00,234.65000000000003,244.6376
2016-11-07 15:00:00,248.75999999999996,250.205
2016-11-07 16:00:00,245.42000000000004,249.6993
2016-11-07 17:00:00,257.15999999999997,258.84677
2016-11-07 18:00:00,225.39000000000001,242.93465
2016-11-07 19:00:00,199.87,196.01984
2016-11-07 20:00:00,177.95,167.49692
2016-11-07 21:00:00,141.38,155.5172
2016-11-07 22:00:00,95.19,84.81706
2016-11-07 23:00:00,74.38,66.46926
2016-11-08 00:00:00,67.9,60.30955
2016-11-08 01:00:00,67.0,61.339302
2016-11-08 02:00:00,68.48,61.64454
2016-11-08 03:00:00,69.27000000000001,43.30572
2016-11-08 04:00:00,70.28,67.173744
2016-11-08 05:00:00,65.3,68.20056
2016-11-08 06:00:00,75.02,64.59019
2016-11-08 07:00:00,96.59,80.41737
2016-11-08 08:00:00,134.68,129.11717
2016-11-08 09:00:00,253.44000000000003,226.76964
2016-11-08 10:00:00,287.34999999999997,268.37613
2016-11-08 11:00:00,284.76000000000005,264.86874
2016-11-08 12:00:00,262.95,256.91742
2016-11-08 13:00:00,248.94000000000005,257.17212
2016-11-08 14:00:00,243.72000000000003,262.69315
2016-11-08 15:00:00,250.52,262.29367
2016-11-08 16:00:00,257.59000000000003,264.61652
2016-11-08 17:00:00,262.44,260.50674
2016-11-08 18:00:00,241.51000000000002,235.9722
2016-11-08 19:00:00,198.18,198.55814
2016-11-08 20:00:00,187.78,171.07367
2016-11-08 21:00:00,149.65,155.1081
2016-11-08 22:00:00,95.91000000000001,91.56204
2016-11-08 23:00:00,80.13,72.8572
2016-11-09 00:00:00,74.44,67.29567
2016-11-09 01:00:00,73.61,61.928474
2016-11-09 02:00:00,69.12,62.16894
2016-11-09 03:00:00,69.26,50.94611
2016-11-09 04:00:00,70.12,65.24651
2016-11-09 05:00:00,69.94999999999999,68.758804
2016-11-09 06:00:00,79.17,67.35889
2016-11-09 07:00:00,97.92,82.84478
2016-11-09 08:00:00,165.14,122.70363
2016-11-09 09:00:00,286.46,220.38873
2016-11-09 10:00:00,299.52,260.644
2016-11-09 11:00:00,288.93000000000006,259.6394
2016-11-09 12:00:00,272.91,254.66737
2016-11-09 13:00:00,252.32000000000002,248.2062
2016-11-09 14:00:00,256.09999999999997,253.78603
2016-11-09 15:00:00,252.83000000000004,253.64731
2016-11-09 16:00:00,251.89,256.25964
2016-11-09 17:00:00,279.4,249.11044
2016-11-09 18:00:00,228.74,223.01013
2016-11-09 19:00:00,191.15999999999997,197.32301
2016-11-09 20:00:00,169.34,170.68884
2016-11-09 21:00:00,145.69,150.44878
2016-11-09 22:00:00,95.50999999999999,88.26524
2016-11-09 23:00:00,71.78,78.55524
2016-11-10 00:00:00,68.10999999999999,68.18653
2016-11-10 01:00:00,69.4,63.180058
2016-11-10 02:00:00,64.50999999999999,62.323177
2016-11-10 03:00:00,63.620000000000005,52.184486
2016-11-10 04:00:00,63.260000000000005,65.13184
2016-11-10 05:00:00,61.230000000000004,69.989845
2016-11-10 06:00:00,72.11,68.778656
2016-11-10 07:00:00,86.44,84.58148
2016-11-10 08:00:00,143.34,123.67196
2016-11-10 09:00:00,251.53,225.16965
2016-11-10 10:00:00,278.21,265.87036
2016-11-10 11:00:00,289.83000000000004,264.88818
2016-11-10 12:00:00,274.92,260.0399
2016-11-10 13:00:00,260.63000000000005,251.30908
2016-11-10 14:00:00,271.54999999999995,258.16187
2016-11-10 15:00:00,270.69000000000005,257.38782
2016-11-10 16:00:00,265.4,260.9808
2016-11-10 17:00:00,268.42,251.88406
2016-11-10 18:00:00,246.31000000000003,224.98376
2016-11-10 19:00:00,211.39,199.23494
2016-11-10 20:00:00,176.29,172.49957
2016-11-10 21:00:00,134.93,151.0896
2016-11-10 22:00:00,91.85000000000001,88.81964
2016-11-10 23:00:00,76.41999999999999,79.636444
2016-11-11 00:00:00,71.21,68.80157
2016-11-11 01:00:00,67.53,63.102272
2016-11-11 02:00:00,65.74000000000001,62.578083
2016-11-11 03:00:00,65.66000000000001,53.32545
2016-11-11 04:00:00,66.34,64.19442
2016-11-11 05:00:00,63.8,69.636406
2016-11-11 06:00:00,75.96,68.147675
2016-11-11 07:00:00,93.12999999999998,83.86077
2016-11-11 08:00:00,141.27,121.73701
2016-11-11 09:00:00,265.32,222.9915
2016-11-11 10:00:00,282.49,262.39633
2016-11-11 11:00:00,278.5400000000001,262.9491
2016-11-11 12:00:00,268.2,257.92776
2016-11-11 13:00:00,251.67,249.3074
2016-11-11 14:00:00,257.58000000000004,255.06743
2016-11-11 15:00:00,246.99,254.87523
2016-11-11 16:00:00,240.38000000000002,258.4676
2016-11-11 17:00:00,250.42,250.2495
2016-11-11 18:00:00,225.68,223.23813
2016-11-11 19:00:00,189.51000000000002,198.59557
2016-11-11 20:00:00,172.4,171.87181
2016-11-11 21:00:00,134.13,149.9971
2016-11-11 22:00:00,94.43,88.21998
2016-11-11 23:00:00,75.96000000000001,79.682434
2016-11-12 00:00:00,71.45,67.210556
2016-11-12 01:00:00,67.46000000000001,61.500305
2016-11-12 02:00:00,66.6,63.05562
2016-11-12 03:00:00,64.25999999999999,51.562626
2016-11-12 04:00:00,64.02,64.91417
2016-11-12 05:00:00,64.04,69.59914
2016-11-12 06:00:00,75.82,66.96503
2016-11-12 07:00:00,92.73,83.63798
2016-11-12 08:00:00,129.45,117.393425
2016-11-12 09:00:00,230.84000000000003,215.71654
2016-11-12 10:00:00,274.75000000000006,253.76016
2016-11-12 11:00:00,259.27,255.46439
2016-11-12 12:00:00,252.14,249.18541
2016-11-12 13:00:00,244.22999999999996,240.90898
2016-11-12 14:00:00,222.88,246.8949
2016-11-12 15:00:00,207.32,247.53232
2016-11-12 16:00:00,174.82,254.87555
2016-11-12 17:00:00,164.83999999999997,243.72191
2016-11-12 18:00:00,170.43,218.79434
2016-11-12 19:00:00,170.11,194.20477
2016-11-12 20:00:00,160.1,169.247
2016-11-12 21:00:00,132.51,148.35727
2016-11-12 22:00:00,94.36000000000001,85.44878
2016-11-12 23:00:00,78.55,78.54487
2016-11-13 00:00:00,69.73,73.39841
2016-11-13 01:00:00,65.91,63.03065
2016-11-13 02:00:00,66.56,69.09625
2016-11-13 03:00:00,66.42,42.388885
2016-11-13 04:00:00,64.66,66.18102
2016-11-13 05:00:00,61.239999999999995,64.82418
2016-11-13 06:00:00,63.940000000000005,62.1846
2016-11-13 07:00:00,68.88,55.85549
2016-11-13 08:00:00,78.66,69.37646
2016-11-13 09:00:00,112.53999999999998,126.13767
2016-11-13 10:00:00,133.35,159.1276
2016-11-13 11:00:00,140.29000000000002,157.8923
2016-11-13 12:00:00,138.74,161.6505
2016-11-13 13:00:00,143.85,163.89935
2016-11-13 14:00:00,134.89,157.98332
2016-11-13 15:00:00,143.2,170.1116
2016-11-13 16:00:00,146.55,166.98248
2016-11-13 17:00:00,151.35000000000002,177.91075
2016-11-13 18:00:00,159.87,169.8904
2016-11-13 19:00:00,153.57,155.23373
2016-11-13 20:00:00,151.95,131.99492
2016-11-13 21:00:00,118.15,133.98267
2016-11-13 22:00:00,84.35,68.912834
2016-11-13 23:00:00,71.28,64.963554
2016-11-14 00:00:00,69.19,60.773804
2016-11-14 01:00:00,65.6,62.51527
2016-11-14 02:00:00,63.21000000000001,64.70769
2016-11-14 03:00:00,63.97,48.131077
2016-11-14 04:00:00,63.42000000000001,71.60121
2016-11-14 05:00:00,58.51,73.54045
2016-11-14 06:00:00,67.18,70.29386
2016-11-14 07:00:00,87.59,72.49833
2016-11-14 08:00:00,129.42000000000002,128.18855
2016-11-14 09:00:00,242.28000000000006,220.09624
2016-11-14 10:00:00,263.99,266.41797
2016-11-14 11:00:00,270.07,263.37064
2016-11-14 12:00:00,261.57000000000005,257.58664
2016-11-14 13:00:00,245.95000000000005,256.98022
2016-11-14 14:00:00,257.12,257.20578
2016-11-14 15:00:00,254.59,263.50836
2016-11-14 16:00:00,244.88,263.64166
2016-11-14 17:00:00,247.67999999999998,274.9453
2016-11-14 18:00:00,229.72000000000003,253.83873
2016-11-14 19:00:00,192.77999999999997,204.42769
2016-11-14 20:00:00,178.74,173.14383
2016-11-14 21:00:00,149.41,157.50325
2016-11-14 22:00:00,97.49000000000001,86.6855
2016-11-14 23:00:00,75.99,66.23681
2016-11-15 00:00:00,69.04,58.86915
2016-11-15 01:00:00,68.28999999999999,61.253414
2016-11-15 02:00:00,68.45,62.386745
2016-11-15 03:00:00,63.54,44.40965
2016-11-15 04:00:00,67.18,64.06167
2016-11-15 05:00:00,65.06,69.0885
2016-11-15 06:00:00,74.74,64.25351
2016-11-15 07:00:00,92.87999999999998,80.4292
2016-11-15 08:00:00,130.98000000000002,128.08543
2016-11-15 09:00:00,251.43000000000004,232.53615
2016-11-15 10:00:00,270.93,270.7232
2016-11-15 11:00:00,272.40999999999997,272.2896
2016-11-15 12:00:00,263.2,260.6402
2016-11-15 13:00:00,261.36,260.7043
2016-11-15 14:00:00,258.76000000000005,265.68372
2016-11-15 15:00:00,247.24000000000004,266.17505
2016-11-15 16:00:00,243.57000000000005,271.75137
2016-11-15 17:00:00,264.81000000000006,267.56937
2016-11-15 18:00:00,234.90000000000003,240.71199
2016-11-15 19:00:00,194.87,201.32799
2016-11-15 20:00:00,175.53,172.69208
2016-11-15 21:00:00,130.14,156.54637
2016-11-15 22:00:00,92.27,91.56836
2016-11-15 23:00:00,74.89,70.21613
2016-11-16 00:00:00,74.08,65.06648
2016-11-16 01:00:00,71.82000000000001,60.663643
2016-11-16 02:00:00,69.01,63.417526
2016-11-16 03:00:00,75.27000000000001,51.349632
2016-11-16 04:00:00,74.27000000000001,63.19403
2016-11-16 05:00:00,67.24,68.596596
2016-11-16 06:00:00,78.44,65.40821
2016-11-16 07:00:00,97.56,82.09728
2016-11-16 08:00:00,147.17000000000002,117.53312
2016-11-16 09:00:00,252.39000000000001,218.36293
2016-11-16 10:00:00,279.58,253.72768
2016-11-16 11:00:00,275.43999999999994,258.0958
2016-11-16 12:00:00,258.16,249.32948
2016-11-16 13:00:00,241.42000000000004,243.37642
2016-11-16 14:00:00,239.8,247.87369
2016-11-16 15:00:00,233.67000000000002,249.78314
2016-11-16 16:00:00,236.8,256.98022
2016-11-16 17:00:00,249.69000000000005,248.39131
2016-11-16 18:00:00,227.16,222.2529
2016-11-16 19:00:00,190.8,195.22108
2016-11-16 20:00:00,178.73999999999995,169.27553
2016-11-16 21:00:00,143.25,150.05649
2016-11-16 22:00:00,87.95,86.113594
2016-11-16 23:00:00,77.37,75.2775
2016-11-17 00:00:00,70.63,65.3282
2016-11-17 01:00:00,70.02000000000001,60.249264
2016-11-17 02:00:00,68.97,63.932064
2016-11-17 03:00:00,71.06,51.230408
2016-11-17 04:00:00,70.84,63.233295
2016-11-17 05:00:00,65.84,68.93606
2016-11-17 06:00:00,73.66,64.86065
2016-11-17 07:00:00,95.72,82.60594
2016-11-17 08:00:00,139.98,113.1188
2016-11-17 09:00:00,247.79000000000002,212.6393
2016-11-17 10:00:00,263.34000000000003,246.8217
2016-11-17 11:00:00,261.94,252.41606
2016-11-17 12:00:00,256.28000000000003,243.24335
2016-11-17 13:00:00,244.8,236.15619
2016-11-17 14:00:00,247.85000000000002,241.01373
2016-11-17 15:00:00,239.73000000000002,243.23137
2016-11-17 16:00:00,250.59,253.71762
2016-11-17 17:00:00,256.6000000000001,241.99532
2016-11-17 18:00:00,230.44000000000005,217.387
2016-11-17 19:00:00,191.95000000000002,191.96666
2016-11-17 20:00:00,170.09999999999997,167.47917
2016-11-17 21:00:00,136.72,147.74646
2016-11-17 22:00:00,90.33000000000001,83.67556
2016-11-17 23:00:00,70.66,75.71521
2016-11-18 00:00:00,69.38,65.58246
2016-11-18 01:00:00,65.2,60.080265
2016-11-18 02:00:00,64.03999999999999,64.123276
2016-11-18 03:00:00,60.339999999999996,51.690662
2016-11-18 04:00:00,64.48,62.362736
2016-11-18 05:00:00,63.77,68.42276
2016-11-18 06:00:00,74.38000000000001,64.22556
2016-11-18 07:00:00,93.54,81.98308
2016-11-18 08:00:00,133.28,111.21276
2016-11-18 09:00:00,248.97000000000003,210.47319
2016-11-18 10:00:00,280.52,243.57684
2016-11-18 11:00:00,270.7200000000001,250.18509
2016-11-18 12:00:00,267.8,240.67653
2016-11-18 13:00:00,251.27,233.67772
2016-11-18 14:00:00,253.01000000000005,238.071
2016-11-18 15:00:00,247.57000000000005,240.69258
2016-11-18 16:00:00,251.74,251.5469
2016-11-18 17:00:00,254.29999999999995,240.10974
2016-11-18 18:00:00,243.26000000000002,215.5001
2016-11-18 19:00:00,210.93,191.03745
2016-11-18 20:00:00,182.1,166.69255
2016-11-18 21:00:00,157.47,146.75127
2016-11-18 22:00:00,117.9,82.91704
2016-11-18 23:00:00,80.86,75.55138
2016-11-19 00:00:00,73.33,66.37439
2016-11-19 01:00:00,69.76,61.156998
2016-11-19 02:00:00,67.83,63.978214
2016-11-19 03:00:00,68.69,52.94477
2016-11-19 04:00:00,66.38,61.173172
2016-11-19 05:00:00,62.92000000000001,68.49634
2016-11-19 06:00:00,71.94,64.52674
2016-11-19 07:00:00,90.63999999999997,81.84583
2016-11-19 08:00:00,116.64,113.10531
2016-11-19 09:00:00,208.95000000000002,215.11278
2016-11-19 10:00:00,248.72000000000003,247.96628
2016-11-19 11:00:00,239.47,255.16435
2016-11-19 12:00:00,238.60000000000002,245.9502
2016-11-19 13:00:00,231.41000000000008,238.8906
2016-11-19 14:00:00,235.30000000000004,242.64742
2016-11-19 15:00:00,216.86000000000004,244.97119
2016-11-19 16:00:00,186.27,254.0691
2016-11-19 17:00:00,175.03,244.6904
2016-11-19 18:00:00,181.07,218.62935
2016-11-19 19:00:00,176.89999999999998,193.81735
2016-11-19 20:00:00,156.85000000000002,168.00934
2016-11-19 21:00:00,139.25000000000003,147.7453
2016-11-19 22:00:00,97.95000000000002,84.575035
2016-11-19 23:00:00,72.22,75.68292
2016-11-20 00:00:00,71.27,73.76977
2016-11-20 01:00:00,67.47,63.447147
2016-11-20 02:00:00,67.47,67.530235
2016-11-20 03:00:00,66.35000000000001,44.187702
2016-11-20 04:00:00,64.55,61.090107
2016-11-20 05:00:00,61.419999999999995,64.5074
2016-11-20 06:00:00,65.52,59.99266
2016-11-20 07:00:00,73.08,55.4451
2016-11-20 08:00:00,83.96000000000001,63.926266
2016-11-20 09:00:00,113.61999999999999,128.09381
2016-11-20 10:00:00,139.72000000000003,157.44366
2016-11-20 11:00:00,143.45999999999998,158.51283
2016-11-20 12:00:00,148.32,156.11864
2016-11-20 13:00:00,144.64,162.91678
2016-11-20 14:00:00,146.01,154.76653
2016-11-20 15:00:00,152.17000000000002,171.61427
2016-11-20 16:00:00,158.69,166.48575
2016-11-20 17:00:00,166.10000000000002,180.71866
2016-11-20 18:00:00,163.12,171.9706
2016-11-20 19:00:00,162.32,156.67589
2016-11-20 20:00:00,151.3,132.87718
2016-11-20 21:00:00,125.97,132.69943
2016-11-20 22:00:00,79.94999999999999,67.761894
2016-11-20 23:00:00,74.38,65.77201
2016-11-21 00:00:00,70.23,61.146748
2016-11-21 01:00:00,68.14,63.221123
2016-11-21 02:00:00,66.38000000000001,62.177395
2016-11-21 03:00:00,66.63,50.540634
2016-11-21 04:00:00,67.76,66.09127
2016-11-21 05:00:00,66.0,74.97546
2016-11-21 06:00:00,69.19999999999999,70.767624
2016-11-21 07:00:00,88.82000000000001,75.62542
2016-11-21 08:00:00,145.22,137.34706
2016-11-21 09:00:00,257.04,241.87155
2016-11-21 10:00:00,290.55,288.5862
2016-11-21 11:00:00,277.17,286.99603
2016-11-21 12:00:00,275.5800000000001,276.95264
2016-11-21 13:00:00,256.68000000000006,277.715
2016-11-21 14:00:00,254.95,279.04758
2016-11-21 15:00:00,250.56000000000006,283.69366
2016-11-21 16:00:00,259.3500000000001,281.43652
2016-11-21 17:00:00,261.4700000000001,296.69376
2016-11-21 18:00:00,246.42,268.48538
2016-11-21 19:00:00,201.09999999999997,217.11479
2016-11-21 20:00:00,186.67,180.27739
2016-11-21 21:00:00,144.47000000000003,161.22319
2016-11-21 22:00:00,96.73,91.9996
2016-11-21 23:00:00,74.05,66.298386
2016-11-22 00:00:00,68.44,57.2298
2016-11-22 01:00:00,66.93,61.900047
2016-11-22 02:00:00,61.78000000000001,62.107414
2016-11-22 03:00:00,63.32000000000001,44.36767
2016-11-22 04:00:00,66.24,60.77134
2016-11-22 05:00:00,60.84,70.21006
2016-11-22 06:00:00,70.57,64.44438
2016-11-22 07:00:00,88.67,80.42539
2016-11-22 08:00:00,134.57000000000002,130.07613
2016-11-22 09:00:00,273.96000000000004,241.15723
2016-11-22 10:00:00,299.59,277.74664
2016-11-22 11:00:00,296.07000000000005,283.1909
2016-11-22 12:00:00,274.82000000000005,268.52832
2016-11-22 13:00:00,261.79,268.74026
2016-11-22 14:00:00,261.28999999999996,273.4262
2016-11-22 15:00:00,251.24000000000004,273.93002
2016-11-22 16:00:00,256.17,280.78302
2016-11-22 17:00:00,273.27,277.89758
2016-11-22 18:00:00,245.20000000000002,248.37946
2016-11-22 19:00:00,199.26,205.82274
2016-11-22 20:00:00,181.84,174.66469
2016-11-22 21:00:00,140.62,159.25531
2016-11-22 22:00:00,91.69999999999999,93.18392
2016-11-22 23:00:00,72.07000000000001,67.70994
2016-11-23 00:00:00,66.38,63.93431
2016-11-23 01:00:00,66.07000000000001,61.41794
2016-11-23 02:00:00,66.57000000000001,63.725677
2016-11-23 03:00:00,64.78999999999999,52.36836
2016-11-23 04:00:00,66.06,60.253254
2016-11-23 05:00:00,64.11,68.61301
2016-11-23 06:00:00,73.34,64.807465
2016-11-23 07:00:00,97.27,81.33823
2016-11-23 08:00:00,152.97,117.97425
2016-11-23 09:00:00,301.7200000000001,225.23514
2016-11-23 10:00:00,336.45,257.76447
2016-11-23 11:00:00,326.2099999999999,266.111
2016-11-23 12:00:00,306.39,254.788
2016-11-23 13:00:00,280.07,249.09532
2016-11-23 14:00:00,300.84000000000003,252.58229
2016-11-23 15:00:00,298.15000000000003,255.28365
2016-11-23 16:00:00,304.13000000000005,263.05453
2016-11-23 17:00:00,298.14,256.3219
2016-11-23 18:00:00,247.29,228.3518
2016-11-23 19:00:00,202.41999999999996,198.09158
2016-11-23 20:00:00,187.7,170.56999
2016-11-23 21:00:00,142.68,152.50618
2016-11-23 22:00:00,96.19,87.42096
2016-11-23 23:00:00,77.32,73.06586
2016-11-24 00:00:00,73.72999999999999,67.000626
2016-11-24 01:00:00,73.65,65.70834
2016-11-24 02:00:00,70.59,63.054775
2016-11-24 03:00:00,70.13,56.601025
2016-11-24 04:00:00,70.31,58.347225
2016-11-24 05:00:00,68.37,70.00223
2016-11-24 06:00:00,76.87,68.00467
2016-11-24 07:00:00,107.00000000000001,83.558716
2016-11-24 08:00:00,167.11,126.40935
2016-11-24 09:00:00,342.4,243.0628
2016-11-24 10:00:00,353.0100000000001,278.15674
2016-11-24 11:00:00,364.75,285.12628
2016-11-24 12:00:00,327.64,276.1741
2016-11-24 13:00:00,338.86,266.82697
2016-11-24 14:00:00,329.03999999999996,271.9925
2016-11-24 15:00:00,299.26,271.99606
2016-11-24 16:00:00,296.67999999999995,274.7213
2016-11-24 17:00:00,300.67,270.7217
2016-11-24 18:00:00,263.06,237.94339
2016-11-24 19:00:00,220.05999999999995,207.50478
2016-11-24 20:00:00,198.75,176.43477
2016-11-24 21:00:00,155.29999999999998,155.87378
2016-11-24 22:00:00,110.88,92.687675
2016-11-24 23:00:00,82.75999999999999,75.20845
2016-11-25 00:00:00,77.65,67.95906
2016-11-25 01:00:00,75.84,69.37996
2016-11-25 02:00:00,75.06,62.458065
2016-11-25 03:00:00,71.25,59.49138
2016-11-25 04:00:00,70.73,57.788498
2016-11-25 05:00:00,68.80000000000001,71.71734
2016-11-25 06:00:00,82.11,71.07113
2016-11-25 07:00:00,106.24000000000001,86.06036
2016-11-25 08:00:00,172.58999999999997,136.04395
2016-11-25 09:00:00,313.99000000000007,261.76645
2016-11-25 10:00:00,361.08,300.1142
2016-11-25 11:00:00,341.3499999999999,305.44662
2016-11-25 12:00:00,329.8,297.44104
2016-11-25 13:00:00,324.58,286.03906
2016-11-25 14:00:00,309.7900000000001,292.36026
2016-11-25 15:00:00,304.13000000000005,290.11963
2016-11-25 16:00:00,301.39,288.4327
2016-11-25 17:00:00,307.15000000000003,286.33563
2016-11-25 18:00:00,272.22999999999996,249.47615
2016-11-25 19:00:00,217.04,216.72098
2016-11-25 20:00:00,189.43,182.7186
2016-11-25 21:00:00,148.25,160.2681
2016-11-25 22:00:00,99.72000000000001,98.0479
2016-11-25 23:00:00,76.07000000000001,76.05311
2016-11-26 00:00:00,70.17,67.08255
2016-11-26 01:00:00,68.7,68.63264
2016-11-26 02:00:00,66.85,62.670265
2016-11-26 03:00:00,67.39000000000001,58.698536
2016-11-26 04:00:00,74.94999999999999,58.489197
2016-11-26 05:00:00,77.61,72.50174
2016-11-26 06:00:00,80.67,70.72553
2016-11-26 07:00:00,93.25,86.52748
2016-11-26 08:00:00,148.58,134.27731
2016-11-26 09:00:00,286.2,259.06165
2016-11-26 10:00:00,360.86,296.86075
2016-11-26 11:00:00,364.11,303.15997
2016-11-26 12:00:00,336.9600000000001,294.35092
2016-11-26 13:00:00,314.24,282.9628
2016-11-26 14:00:00,303.88000000000005,289.28937
2016-11-26 15:00:00,280.77000000000004,287.5341
2016-11-26 16:00:00,225.72000000000003,287.85352
2016-11-26 17:00:00,195.13,284.03113
2016-11-26 18:00:00,190.33,248.45815
2016-11-26 19:00:00,177.06,214.90701
2016-11-26 20:00:00,165.60000000000002,181.61913
2016-11-26 21:00:00,136.25,160.06697
2016-11-26 22:00:00,98.03,97.09455
2016-11-26 23:00:00,76.87,75.497826
2016-11-27 00:00:00,68.29,78.63422
2016-11-27 01:00:00,65.69,66.165245
2016-11-27 02:00:00,68.28,66.79076
2016-11-27 03:00:00,67.42999999999999,44.13069
2016-11-27 04:00:00,65.92,57.18871
2016-11-27 05:00:00,62.56,63.408237
2016-11-27 06:00:00,65.27,62.71244
2016-11-27 07:00:00,73.52,53.868538
2016-11-27 08:00:00,86.32000000000001,74.25802
2016-11-27 09:00:00,130.94,153.57304
2016-11-27 10:00:00,171.39000000000001,180.5717
2016-11-27 11:00:00,183.05,183.3907
2016-11-27 12:00:00,167.91,182.64792
2016-11-27 13:00:00,168.01,190.38557
2016-11-27 14:00:00,172.94,175.39615
2016-11-27 15:00:00,170.23999999999998,196.31625
2016-11-27 16:00:00,170.53000000000003,184.00703
2016-11-27 17:00:00,177.27,205.64827
2016-11-27 18:00:00,177.26000000000002,193.32716
2016-11-27 19:00:00,173.38000000000002,172.33438
2016-11-27 20:00:00,170.39,142.58173
2016-11-27 21:00:00,130.54,145.36722
2016-11-27 22:00:00,91.47999999999999,75.96785
2016-11-27 23:00:00,78.77,67.303986
2016-11-28 00:00:00,77.72,63.298134
2016-11-28 01:00:00,71.02,68.84602
2016-11-28 02:00:00,70.44,59.63312
2016-11-28 03:00:00,65.13,56.139286
2016-11-28 04:00:00,66.81,59.57062
2016-11-28 05:00:00,60.879999999999995,75.207405
2016-11-28 06:00:00,71.46,74.020935
2016-11-28 07:00:00,92.33000000000001,85.43661
2016-11-28 08:00:00,174.42,170.1538
2016-11-28 09:00:00,354.55999999999995,301.4361
2016-11-28 10:00:00,388.08,355.39505
2016-11-28 11:00:00,372.73,348.51395
2016-11-28 12:00:00,338.08,333.67218
2016-11-28 13:00:00,332.68,336.1819
2016-11-28 14:00:00,328.82,341.51926
2016-11-28 15:00:00,322.56,337.04767
2016-11-28 16:00:00,313.53,322.9085
2016-11-28 17:00:00,310.22,343.21182
2016-11-28 18:00:00,277.26,299.42587
2016-11-28 19:00:00,237.01999999999998,248.44405
2016-11-28 20:00:00,195.91,200.03831
2016-11-28 21:00:00,143.07000000000002,173.18076
2016-11-28 22:00:00,94.89999999999998,108.84354
2016-11-28 23:00:00,79.57,66.45808
2016-11-29 00:00:00,74.34,57.639
2016-11-29 01:00:00,73.03999999999999,71.51193
2016-11-29 02:00:00,73.03999999999999,58.19323
2016-11-29 03:00:00,68.79,50.05601
2016-11-29 04:00:00,67.35,53.5314
2016-11-29 05:00:00,66.07,71.95279
2016-11-29 06:00:00,79.89,70.71912
2016-11-29 07:00:00,106.17,84.30659
2016-11-29 08:00:00,174.69999999999996,158.90347
2016-11-29 09:00:00,345.2699999999999,294.8914
2016-11-29 10:00:00,392.46,339.16513
2016-11-29 11:00:00,384.21999999999997,341.51416
2016-11-29 12:00:00,341.20000000000005,325.62997
2016-11-29 13:00:00,315.42999999999995,325.299
2016-11-29 14:00:00,333.42999999999995,332.1898
2016-11-29 15:00:00,310.14000000000004,326.1306
2016-11-29 16:00:00,293.7200000000001,318.09076
2016-11-29 17:00:00,298.37,325.97113
2016-11-29 18:00:00,272.40999999999997,281.12766
2016-11-29 19:00:00,226.8,233.90118
2016-11-29 20:00:00,196.30999999999997,191.05035
2016-11-29 21:00:00,146.81,170.31358
2016-11-29 22:00:00,102.28,108.7095
2016-11-29 23:00:00,79.63999999999999,66.933556
2016-11-30 00:00:00,74.16,64.139336
2016-11-30 01:00:00,71.93,70.41272
2016-11-30 02:00:00,69.73,61.05478
2016-11-30 03:00:00,68.33000000000001,57.907566
2016-11-30 04:00:00,69.31,56.148727
2016-11-30 05:00:00,68.22,71.13325
2016-11-30 06:00:00,75.32000000000001,71.514206
2016-11-30 07:00:00,91.44,84.77474
2016-11-30 08:00:00,177.84,143.51076
2016-11-30 09:00:00,363.2,274.42297
2016-11-30 10:00:00,382.03,314.02258
2016-11-30 11:00:00,362.98,319.99753
2016-11-30 12:00:00,342.75,309.1569
2016-11-30 13:00:00,323.63,300.77008
2016-11-30 14:00:00,345.64,305.7454
2016-11-30 15:00:00,324.68,303.86066
2016-11-30 16:00:00,320.76,299.22104
2016-11-30 17:00:00,321.59000000000003,301.3139
2016-11-30 18:00:00,266.8,261.4568
2016-11-30 19:00:00,218.1,222.5711
2016-11-30 20:00:00,195.08,186.12415
2016-11-30 21:00:00,153.84,165.34521
2016-11-30 22:00:00,106.17,101.49837
2016-11-30 23:00:00,88.27,72.81123
2016-12-01 00:00:00,77.50999999999999,66.06502
2016-12-01 01:00:00,73.19,70.71032
2016-12-01 02:00:00,71.71000000000001,61.780674
2016-12-01 03:00:00,72.76,59.554264
2016-12-01 04:00:00,73.03999999999999,55.811573
2016-12-01 05:00:00,67.57,72.01472
2016-12-01 06:00:00,78.39999999999999,71.16283
2016-12-01 07:00:00,103.74999999999997,85.4746
2016-12-01 08:00:00,163.05,139.3108
2016-12-01 09:00:00,329.11999999999995,269.73633
2016-12-01 10:00:00,356.51000000000005,308.04007
2016-12-01 11:00:00,342.22,315.5733
2016-12-01 12:00:00,316.93999999999994,305.7618
2016-12-01 13:00:00,300.27,294.77716
2016-12-01 14:00:00,328.53000000000003,300.48157
2016-12-01 15:00:00,323.17,298.18842
2016-12-01 16:00:00,315.39000000000004,295.45416
2016-12-01 17:00:00,304.66,295.66248
2016-12-01 18:00:00,275.26000000000005,257.14728
2016-12-01 19:00:00,240.41,220.1898
2016-12-01 20:00:00,202.32000000000002,184.43735
2016-12-01 21:00:00,149.73,163.32536
2016-12-01 22:00:00,104.83,100.06007
2016-12-01 23:00:00,82.91000000000001,74.21557
2016-12-02 00:00:00,78.52000000000001,70.98833
2016-12-02 01:00:00,76.21000000000001,69.742905
2016-12-02 02:00:00,74.63000000000001,59.748695
2016-12-02 03:00:00,74.13,55.605564
2016-12-02 04:00:00,74.78,64.21627
2016-12-02 05:00:00,71.88,68.736404
2016-12-02 06:00:00,84.99,76.16649
2016-12-02 07:00:00,110.83999999999999,87.10053
2016-12-02 08:00:00,190.95000000000002,153.3612
2016-12-02 09:00:00,351.78999999999996,270.754
2016-12-02 10:00:00,373.03,322.2072
2016-12-02 11:00:00,371.18999999999994,310.25278
2016-12-02 12:00:00,348.13,308.25098
2016-12-02 13:00:00,307.59000000000003,302.3434
2016-12-02 14:00:00,300.89000000000004,309.0007
2016-12-02 15:00:00,282.49,304.58685
2016-12-02 16:00:00,286.59,288.09372
2016-12-02 17:00:00,309.06000000000006,291.37704
2016-12-02 18:00:00,276.38,252.87846
2016-12-02 19:00:00,233.13000000000002,224.20293
2016-12-02 20:00:00,199.80999999999997,188.80878
2016-12-02 21:00:00,165.17,163.50812
2016-12-02 22:00:00,109.98000000000002,104.91186
2016-12-02 23:00:00,85.46000000000001,80.82536
2016-12-03 00:00:00,77.86,70.679214
2016-12-03 01:00:00,76.14,73.18474
2016-12-03 02:00:00,75.25,59.014977
2016-12-03 03:00:00,75.89000000000001,54.949097
2016-12-03 04:00:00,78.48,65.63306
2016-12-03 05:00:00,78.0,73.57841
2016-12-03 06:00:00,90.11,77.1658
2016-12-03 07:00:00,106.12,90.74816
2016-12-03 08:00:00,166.21,150.14856
2016-12-03 09:00:00,311.72,271.46338
2016-12-03 10:00:00,345.31,324.9988
2016-12-03 11:00:00,344.09,312.6935
2016-12-03 12:00:00,317.8400000000001,310.37756
2016-12-03 13:00:00,295.48999999999995,301.32376
2016-12-03 14:00:00,288.58,310.93484
2016-12-03 15:00:00,239.4,305.1658
2016-12-03 16:00:00,194.73,293.64316
2016-12-03 17:00:00,184.39,289.84518
2016-12-03 18:00:00,186.86999999999998,254.27527
2016-12-03 19:00:00,178.77,222.5285
2016-12-03 20:00:00,165.45,188.40086
2016-12-03 21:00:00,141.86999999999998,161.57576
2016-12-03 22:00:00,101.82,103.70487
2016-12-03 23:00:00,79.2,83.471855
2016-12-04 00:00:00,72.64,73.14859
2016-12-04 01:00:00,72.65,65.6668
2016-12-04 02:00:00,71.31,72.476776
2016-12-04 03:00:00,66.60000000000001,33.419937
2016-12-04 04:00:00,68.37,74.80502
2016-12-04 05:00:00,64.95,67.73022
2016-12-04 06:00:00,66.21000000000001,67.345566
2016-12-04 07:00:00,73.8,56.023094
2016-12-04 08:00:00,82.23000000000002,86.36376
2016-12-04 09:00:00,107.63999999999999,140.81204
2016-12-04 10:00:00,168.37,177.89845
2016-12-04 11:00:00,184.31999999999994,175.6293
2016-12-04 12:00:00,196.38,192.28732
2016-12-04 13:00:00,178.85000000000002,186.54442
2016-12-04 14:00:00,172.37,179.60579
2016-12-04 15:00:00,169.26999999999998,186.40834
2016-12-04 16:00:00,170.42,185.36653
2016-12-04 17:00:00,183.99,189.7936
2016-12-04 18:00:00,186.02,185.26431
2016-12-04 19:00:00,171.03,160.89005
2016-12-04 20:00:00,161.42999999999998,136.17801
2016-12-04 21:00:00,124.85000000000001,146.63216
2016-12-04 22:00:00,90.22,77.47096
2016-12-04 23:00:00,80.46,61.83308
2016-12-05 00:00:00,76.98,62.449306
2016-12-05 01:00:00,71.95,66.43435
2016-12-05 02:00:00,70.23,66.43278
2016-12-05 03:00:00,72.0,43.26014
2016-12-05 04:00:00,69.73,75.00285
2016-12-05 05:00:00,69.00999999999999,71.47239
2016-12-05 06:00:00,80.85,73.35938
2016-12-05 07:00:00,99.48,70.32614
2016-12-05 08:00:00,190.17999999999998,139.22473
2016-12-05 09:00:00,363.67999999999995,226.84186
2016-12-05 10:00:00,395.45,277.71063
2016-12-05 11:00:00,365.76,269.1252
2016-12-05 12:00:00,330.45,271.35934
2016-12-05 13:00:00,304.7,270.34006
2016-12-05 14:00:00,297.93,268.40637
2016-12-05 15:00:00,283.51,272.1408
2016-12-05 16:00:00,283.32,264.74863
2016-12-05 17:00:00,294.61,276.98154
2016-12-05 18:00:00,267.21,255.8895
2016-12-05 19:00:00,212.55,207.93906
2016-12-05 20:00:00,193.76000000000002,173.27393
2016-12-05 21:00:00,140.34,162.89569
2016-12-05 22:00:00,100.45,93.17271
2016-12-05 23:00:00,80.56,63.20539
2016-12-06 00:00:00,71.37,62.700897
2016-12-06 01:00:00,66.97999999999999,71.780914
2016-12-06 02:00:00,64.77000000000001,58.74661
2016-12-06 03:00:00,66.9,48.171017
2016-12-06 04:00:00,65.56,62.848072
2016-12-06 05:00:00,63.440000000000005,69.9795
2016-12-06 06:00:00,73.41999999999999,72.62459
2016-12-06 07:00:00,102.51,87.60478
2016-12-06 08:00:00,189.63,161.37074
2016-12-06 09:00:00,373.40999999999997,287.41492
2016-12-06 10:00:00,387.79,338.5299
2016-12-06 11:00:00,401.58,325.5825
2016-12-06 12:00:00,367.40000000000003,317.26147
2016-12-06 13:00:00,346.5,317.96725
2016-12-06 14:00:00,332.02,327.2321
2016-12-06 15:00:00,317.8400000000001,321.38632
2016-12-06 16:00:00,300.14000000000004,305.56522
2016-12-06 17:00:00,314.68,309.52304
2016-12-06 18:00:00,289.75000000000006,270.04968
2016-12-06 19:00:00,237.8,229.21542
2016-12-06 20:00:00,209.13,190.74046
2016-12-06 21:00:00,158.51,167.9218
2016-12-06 22:00:00,102.93999999999998,109.38476
2016-12-06 23:00:00,86.32000000000001,73.159256
2016-12-07 00:00:00,82.52000000000001,70.12802
2016-12-07 01:00:00,78.09,74.78531
2016-12-07 02:00:00,77.39,59.599995
2016-12-07 03:00:00,75.83000000000001,58.55574
2016-12-07 04:00:00,74.85000000000001,62.942215
2016-12-07 05:00:00,73.49,72.49119
2016-12-07 06:00:00,89.25,77.56026
2016-12-07 07:00:00,107.48,91.22995
2016-12-07 08:00:00,207.44,157.48964
2016-12-07 09:00:00,402.83000000000004,288.65717
2016-12-07 10:00:00,400.04999999999995,341.13174
2016-12-07 11:00:00,393.69999999999993,330.289
2016-12-07 12:00:00,372.03000000000003,326.03998
2016-12-07 13:00:00,344.86,317.7044
2016-12-07 14:00:00,338.78,326.27676
2016-12-07 15:00:00,320.34,320.40955
2016-12-07 16:00:00,309.31,304.7732
2016-12-07 17:00:00,309.42,305.06195
2016-12-07 18:00:00,260.26,264.04138
2016-12-07 19:00:00,211.91000000000003,230.98163
2016-12-07 20:00:00,197.84999999999997,194.32954
2016-12-07 21:00:00,155.39000000000001,165.4514
2016-12-07 22:00:00,114.27000000000001,107.90539
2016-12-07 23:00:00,82.19999999999999,80.72324
2016-12-08 00:00:00,76.11000000000001,70.56079
2016-12-08 01:00:00,74.43,76.561775
2016-12-08 02:00:00,75.68,59.88762
2016-12-08 03:00:00,74.94,59.858143
2016-12-08 04:00:00,74.13000000000001,63.668545
2016-12-08 05:00:00,70.33,75.15623
2016-12-08 06:00:00,85.03000000000002,79.60427
2016-12-08 07:00:00,107.26,93.77488
2016-12-08 08:00:00,202.82000000000002,157.05708
2016-12-08 09:00:00,378.75,291.97455
2016-12-08 10:00:00,408.8,345.89334
2016-12-08 11:00:00,382.9,334.868
2016-12-08 12:00:00,348.31999999999994,330.6652
2016-12-08 13:00:00,328.86,319.0076
2016-12-08 14:00:00,327.58000000000004,330.0575
2016-12-08 15:00:00,305.82000000000005,322.81042
2016-12-08 16:00:00,291.13,309.62457
2016-12-08 17:00:00,298.25,305.85074
2016-12-08 18:00:00,267.49000000000007,264.83362
2016-12-08 19:00:00,227.99000000000004,231.68172
2016-12-08 20:00:00,208.56,195.1827
2016-12-08 21:00:00,151.65,165.05214
2016-12-08 22:00:00,104.71000000000001,107.829185
2016-12-08 23:00:00,82.52999999999999,82.06706
2016-12-09 00:00:00,77.60000000000001,70.473495
2016-12-09 01:00:00,72.35000000000001,75.0203
2016-12-09 02:00:00,67.06,60.05374
2016-12-09 03:00:00,65.96000000000001,59.14459
2016-12-09 04:00:00,72.15,63.802147
2016-12-09 05:00:00,69.24,75.46507
2016-12-09 06:00:00,77.19,78.33913
2016-12-09 07:00:00,95.22,92.50082
2016-12-09 08:00:00,181.38,150.9772
2016-12-09 09:00:00,340.84,281.05722
2016-12-09 10:00:00,374.14000000000004,332.95932
2016-12-09 11:00:00,363.18,324.26276
2016-12-09 12:00:00,342.08,320.4472
2016-12-09 13:00:00,326.46999999999997,308.33658
2016-12-09 14:00:00,345.37,318.7105
2016-12-09 15:00:00,318.46,312.56845
2016-12-09 16:00:00,301.88000000000005,302.56387
2016-12-09 17:00:00,311.99000000000007,297.74762
2016-12-09 18:00:00,274.21,258.8942
2016-12-09 19:00:00,211.13000000000002,226.57762
2016-12-09 20:00:00,192.91,191.19835
2016-12-09 21:00:00,145.51,162.56297
2016-12-09 22:00:00,107.71,104.75327
2016-12-09 23:00:00,81.61999999999999,81.96931
2016-12-10 00:00:00,73.52,70.54581
2016-12-10 01:00:00,70.07000000000001,73.478134
2016-12-10 02:00:00,67.02,60.296677
2016-12-10 03:00:00,68.32,58.859596
2016-12-10 04:00:00,68.27,63.234905
2016-12-10 05:00:00,63.620000000000005,74.66839
2016-12-10 06:00:00,68.93,76.76327
2016-12-10 07:00:00,95.22999999999999,90.67655
2016-12-10 08:00:00,149.38,146.24013
2016-12-10 09:00:00,327.56,272.24225
2016-12-10 10:00:00,361.81000000000006,321.8604
2016-12-10 11:00:00,360.8,315.36435
2016-12-10 12:00:00,303.18,311.74432
2016-12-10 13:00:00,291.99000000000007,299.83447
2016-12-10 14:00:00,272.92,309.0869
2016-12-10 15:00:00,252.70000000000005,304.17657
2016-12-10 16:00:00,208.62,295.77698
2016-12-10 17:00:00,192.01,291.52966
2016-12-10 18:00:00,187.31,253.97125
2016-12-10 19:00:00,183.76999999999995,222.69789
2016-12-10 20:00:00,176.69,188.21594
2016-12-10 21:00:00,155.86,160.67479
2016-12-10 22:00:00,99.29,102.31784
2016-12-10 23:00:00,77.41,81.54547
2016-12-11 00:00:00,73.03,74.354294
2016-12-11 01:00:00,71.62,65.715996
2016-12-11 02:00:00,70.75,71.568954
2016-12-11 03:00:00,68.35,36.217342
2016-12-11 04:00:00,67.38,69.20785
2016-12-11 05:00:00,65.4,66.81767
2016-12-11 06:00:00,65.93,65.459114
2016-12-11 07:00:00,77.74,55.028885
2016-12-11 08:00:00,89.08000000000001,79.02064
2016-12-11 09:00:00,131.37,140.01027
2016-12-11 10:00:00,188.32,173.01178
2016-12-11 11:00:00,180.34999999999997,173.21986
2016-12-11 12:00:00,168.0,183.93124
2016-12-11 13:00:00,183.78,182.15402
2016-12-11 14:00:00,181.32000000000002,173.67435
2016-12-11 15:00:00,176.84,184.71938
2016-12-11 16:00:00,170.25,182.00208
2016-12-11 17:00:00,181.75,190.41595
2016-12-11 18:00:00,193.92000000000002,183.80173
2016-12-11 19:00:00,176.23000000000002,161.21669
2016-12-11 20:00:00,167.67,135.77905
2016-12-11 21:00:00,128.64999999999998,144.40422
2016-12-11 22:00:00,92.06,75.649086
2016-12-11 23:00:00,76.03,61.984665
2016-12-12 00:00:00,73.57,62.608036
2016-12-12 01:00:00,69.49000000000001,67.253784
2016-12-12 02:00:00,66.58,64.45549
2016-12-12 03:00:00,65.39,46.98351
2016-12-12 04:00:00,68.13999999999999,69.30923
2016-12-12 05:00:00,65.46000000000001,72.6395
2016-12-12 06:00:00,78.85,74.55602
2016-12-12 07:00:00,101.03999999999999,74.28628
2016-12-12 08:00:00,200.92,149.0408
2016-12-12 09:00:00,423.23,252.3818
2016-12-12 10:00:00,459.43999999999994,303.34586
2016-12-12 11:00:00,408.27,295.81982
2016-12-12 12:00:00,371.72,291.9574
2016-12-12 13:00:00,355.43,293.13412
2016-12-12 14:00:00,341.03,292.28662
2016-12-12 15:00:00,330.96,295.3045
2016-12-12 16:00:00,325.55,285.37393
2016-12-12 17:00:00,341.14000000000004,301.321
2016-12-12 18:00:00,292.53,271.73676
2016-12-12 19:00:00,219.8,222.301
2016-12-12 20:00:00,195.7,182.1867
2016-12-12 21:00:00,153.26999999999998,167.25174
2016-12-12 22:00:00,93.8,98.5817
2016-12-12 23:00:00,74.86,62.88106
2016-12-13 00:00:00,70.28999999999999,62.831516
2016-12-13 01:00:00,68.67,77.25474
2016-12-13 02:00:00,65.78999999999999,59.634373
2016-12-13 03:00:00,66.58,56.07319
2016-12-13 04:00:00,66.24000000000001,58.09408
2016-12-13 05:00:00,63.66000000000001,70.89328
2016-12-13 06:00:00,78.46,76.23346
2016-12-13 07:00:00,99.37000000000002,91.04007
2016-12-13 08:00:00,176.49,177.75175
2016-12-13 09:00:00,369.76,325.04553
2016-12-13 10:00:00,378.2,377.53098
2016-12-13 11:00:00,374.96,367.08026
2016-12-13 12:00:00,369.89,354.52383
2016-12-13 13:00:00,350.04999999999995,353.73096
2016-12-13 14:00:00,352.04,363.66623
2016-12-13 15:00:00,347.0,354.13937
2016-12-13 16:00:00,335.07000000000005,332.3999
2016-12-13 17:00:00,335.51,340.39816
2016-12-13 18:00:00,304.06000000000006,290.70566
2016-12-13 19:00:00,239.87,247.17517
2016-12-13 20:00:00,197.06,204.35374
2016-12-13 21:00:00,138.04,174.57216
2016-12-13 22:00:00,92.99,118.09026
2016-12-13 23:00:00,77.51,71.193665
2016-12-14 00:00:00,71.96000000000001,67.80832
2016-12-14 01:00:00,70.43,75.98012
2016-12-14 02:00:00,68.76,60.21912
2016-12-14 03:00:00,67.93,60.999825
2016-12-14 04:00:00,66.19999999999999,61.23341
2016-12-14 05:00:00,64.53,74.32455
2016-12-14 06:00:00,78.26,78.211655
2016-12-14 07:00:00,108.97999999999999,92.59847
2016-12-14 08:00:00,193.86,160.21703
2016-12-14 09:00:00,387.27000000000004,299.27737
2016-12-14 10:00:00,427.01,350.28513
2016-12-14 11:00:00,413.69000000000005,343.42783
2016-12-14 12:00:00,394.34000000000003,336.61487
2016-12-14 13:00:00,384.84000000000003,327.35474
2016-12-14 14:00:00,379.56999999999994,335.71207
2016-12-14 15:00:00,357.44,329.63864
2016-12-14 16:00:00,343.64,314.97836
2016-12-14 17:00:00,360.66,315.18497
2016-12-14 18:00:00,304.18,270.85794
2016-12-14 19:00:00,247.28,235.38188
2016-12-14 20:00:00,212.95000000000002,196.9028
2016-12-14 21:00:00,162.95,167.813
2016-12-14 22:00:00,115.54999999999998,109.66427
2016-12-14 23:00:00,83.87,77.170654
2016-12-15 00:00:00,78.74,70.88215
2016-12-15 01:00:00,71.74000000000001,80.08132
2016-12-15 02:00:00,73.35,60.952953
2016-12-15 03:00:00,78.03,66.71357
2016-12-15 04:00:00,76.50999999999999,60.113102
2016-12-15 05:00:00,70.86,75.25897
2016-12-15 06:00:00,79.13,80.82028
2016-12-15 07:00:00,111.99,94.74225
2016-12-15 08:00:00,199.41000000000003,164.99182
2016-12-15 09:00:00,387.92,313.0414
2016-12-15 10:00:00,435.73999999999995,366.2772
2016-12-15 11:00:00,420.24,358.90872
2016-12-15 12:00:00,407.15,353.31445
2016-12-15 13:00:00,388.07000000000005,339.91772
2016-12-15 14:00:00,381.91999999999996,349.4734
2016-12-15 15:00:00,390.37,341.08075
2016-12-15 16:00:00,388.57000000000005,323.70975
2016-12-15 17:00:00,413.15999999999997,324.24692
2016-12-15 18:00:00,356.69000000000005,276.82947
2016-12-15 19:00:00,291.94000000000005,242.09682
2016-12-15 20:00:00,239.20000000000002,202.74252
2016-12-15 21:00:00,181.39999999999998,168.9617
2016-12-15 22:00:00,122.24000000000001,112.60085
2016-12-15 23:00:00,94.19999999999999,79.84535
2016-12-16 00:00:00,82.1,72.00369
2016-12-16 01:00:00,77.73,84.067
2016-12-16 02:00:00,77.67999999999999,61.748444
2016-12-16 03:00:00,74.8,71.979195
2016-12-16 04:00:00,76.14,59.809017
2016-12-16 05:00:00,72.81,76.12644
2016-12-16 06:00:00,90.06000000000002,83.45177
2016-12-16 07:00:00,125.57,97.61676
2016-12-16 08:00:00,243.75,174.51456
2016-12-16 09:00:00,428.55999999999995,334.1311
2016-12-16 10:00:00,475.97,390.30002
2016-12-16 11:00:00,474.25999999999993,382.2656
2016-12-16 12:00:00,446.4,376.15958
2016-12-16 13:00:00,396.67,361.5205
2016-12-16 14:00:00,383.98,370.18262
2016-12-16 15:00:00,356.69,359.68234
2016-12-16 16:00:00,347.90000000000003,338.0775
2016-12-16 17:00:00,358.05,339.6924
2016-12-16 18:00:00,317.58,288.25153
2016-12-16 19:00:00,248.24000000000004,252.20877
2016-12-16 20:00:00,223.68,211.495
2016-12-16 21:00:00,163.76,172.48654
2016-12-16 22:00:00,101.73,117.70819
2016-12-16 23:00:00,81.25999999999999,80.46883
2016-12-17 00:00:00,76.5,69.878265
2016-12-17 01:00:00,73.71,85.172485
2016-12-17 02:00:00,71.89,62.202805
2016-12-17 03:00:00,70.52000000000001,71.271095
2016-12-17 04:00:00,71.06,61.20786
2016-12-17 05:00:00,68.91,78.80104
2016-12-17 06:00:00,79.97999999999999,85.64739
2016-12-17 07:00:00,101.08,101.47486
2016-12-17 08:00:00,183.81,178.48897
2016-12-17 09:00:00,355.56,343.0458
2016-12-17 10:00:00,396.96000000000004,402.2809
2016-12-17 11:00:00,379.01,392.09802
2016-12-17 12:00:00,345.89,384.24527
2016-12-17 13:00:00,301.58000000000004,367.25815
2016-12-17 14:00:00,287.03000000000003,381.04288
2016-12-17 15:00:00,247.98000000000002,368.07068
2016-12-17 16:00:00,201.5,347.78897
2016-12-17 17:00:00,193.57000000000002,344.54733
2016-12-17 18:00:00,195.31999999999996,292.09448
2016-12-17 19:00:00,184.43,254.78316
2016-12-17 20:00:00,181.64,213.63388
2016-12-17 21:00:00,149.6,173.95508
2016-12-17 22:00:00,102.64,118.93172
2016-12-17 23:00:00,84.34,78.96028
2016-12-18 00:00:00,73.85,73.947075
2016-12-18 01:00:00,69.71000000000001,66.39027
2016-12-18 02:00:00,68.71,72.27262
2016-12-18 03:00:00,69.73,33.55731
2016-12-18 04:00:00,69.28999999999999,69.048904
2016-12-18 05:00:00,65.37,68.17225
2016-12-18 06:00:00,67.97999999999999,63.70295
2016-12-18 07:00:00,82.38,56.61774
2016-12-18 08:00:00,100.91000000000001,72.90604
2016-12-18 09:00:00,137.63,141.43338
2016-12-18 10:00:00,186.85,169.10422
2016-12-18 11:00:00,198.38,172.27513
2016-12-18 12:00:00,191.37,179.67139
2016-12-18 13:00:00,185.05,179.80516
2016-12-18 14:00:00,184.69000000000003,168.13185
2016-12-18 15:00:00,167.24,184.38268
2016-12-18 16:00:00,172.65,184.55644
2016-12-18 17:00:00,189.82000000000002,188.69116
2016-12-18 18:00:00,185.11000000000004,186.8437
2016-12-18 19:00:00,173.61,158.73607
2016-12-18 20:00:00,168.02000000000004,135.66997
2016-12-18 21:00:00,132.28,147.74396
2016-12-18 22:00:00,96.98,75.30633
2016-12-18 23:00:00,79.67,61.5981
2016-12-19 00:00:00,72.72999999999999,63.39341
2016-12-19 01:00:00,69.11000000000001,69.520546
2016-12-19 02:00:00,69.66,62.220177
2016-12-19 03:00:00,66.87,52.259953
2016-12-19 04:00:00,69.33,63.318
2016-12-19 05:00:00,66.76,72.59753
2016-12-19 06:00:00,77.86,76.09277
2016-12-19 07:00:00,102.88,79.90986
2016-12-19 08:00:00,195.95,166.0157
2016-12-19 09:00:00,389.53999999999996,287.85556
2016-12-19 10:00:00,414.44,341.5144
2016-12-19 11:00:00,388.05999999999995,332.81134
2016-12-19 12:00:00,366.2900000000001,322.80618
2016-12-19 13:00:00,340.14000000000004,325.90182
2016-12-19 14:00:00,334.49,327.5205
2016-12-19 15:00:00,318.91999999999996,326.61902
2016-12-19 16:00:00,327.1,311.0769
2016-12-19 17:00:00,325.75,331.228
2016-12-19 18:00:00,287.37,291.06537
2016-12-19 19:00:00,217.87,241.16911
2016-12-19 20:00:00,188.68000000000004,194.72629
2016-12-19 21:00:00,144.56,173.11388
2016-12-19 22:00:00,97.86,107.06484
2016-12-19 23:00:00,79.28,63.588203
2016-12-20 00:00:00,72.52,59.37501
2016-12-20 01:00:00,73.25,75.346146
2016-12-20 02:00:00,71.91,58.59838
2016-12-20 03:00:00,71.24000000000001,53.040367
2016-12-20 04:00:00,73.2,55.772335
2016-12-20 05:00:00,66.41,71.91537
2016-12-20 06:00:00,79.14,74.330956
2016-12-20 07:00:00,102.63,88.626396
2016-12-20 08:00:00,175.98000000000002,171.41049
2016-12-20 09:00:00,330.06000000000006,314.90677
2016-12-20 10:00:00,357.21,364.67975
2016-12-20 11:00:00,345.35,359.2248
2016-12-20 12:00:00,323.93000000000006,344.9576
2016-12-20 13:00:00,295.27,344.625
2016-12-20 14:00:00,303.08000000000004,354.10757
2016-12-20 15:00:00,294.07000000000005,345.67096
2016-12-20 16:00:00,284.63,329.17038
2016-12-20 17:00:00,285.92,337.21146
2016-12-20 18:00:00,251.91000000000003,287.96414
2016-12-20 19:00:00,220.39000000000004,242.91083
2016-12-20 20:00:00,191.60999999999999,198.75766
2016-12-20 21:00:00,150.47,173.16002
2016-12-20 22:00:00,112.00000000000001,114.53875
2016-12-20 23:00:00,96.15,67.68507
2016-12-21 00:00:00,81.52000000000001,63.445534
2016-12-21 01:00:00,80.57000000000001,69.40354
2016-12-21 02:00:00,78.71,60.934994
2016-12-21 03:00:00,73.44,54.616352
2016-12-21 04:00:00,73.64,60.691093
2016-12-21 05:00:00,72.85,73.57339
2016-12-21 06:00:00,78.81,72.440575
2016-12-21 07:00:00,109.28999999999999,87.2995
2016-12-21 08:00:00,179.60999999999999,140.95305
2016-12-21 09:00:00,309.11000000000007,265.21387
2016-12-21 10:00:00,315.9600000000001,308.02145
2016-12-21 11:00:00,328.53999999999996,309.4642
2016-12-21 12:00:00,321.02000000000004,300.33163
2016-12-21 13:00:00,281.51,292.4146
2016-12-21 14:00:00,289.69000000000005,299.26807
2016-12-21 15:00:00,281.32,297.492
2016-12-21 16:00:00,285.03000000000003,294.83212
2016-12-21 17:00:00,280.02,291.55005
2016-12-21 18:00:00,249.58,254.41203
2016-12-21 19:00:00,206.99,218.08093
2016-12-21 20:00:00,183.88,183.09137
2016-12-21 21:00:00,161.18,162.08398
2016-12-21 22:00:00,112.72999999999999,99.31842
2016-12-21 23:00:00,89.97,72.78535
2016-12-22 00:00:00,80.22999999999999,64.973816
2016-12-22 01:00:00,77.06,67.19494
2016-12-22 02:00:00,70.8,62.18938
2016-12-22 03:00:00,68.38999999999999,54.450214
2016-12-22 04:00:00,75.7,60.362827
2016-12-22 05:00:00,69.76,73.0266
2016-12-22 06:00:00,74.07,69.957924
2016-12-22 07:00:00,91.57999999999998,85.6184
2016-12-22 08:00:00,164.00000000000003,128.90175
2016-12-22 09:00:00,300.01000000000005,246.15175
2016-12-22 10:00:00,346.28000000000003,284.99448
2016-12-22 11:00:00,335.31,289.91858
2016-12-22 12:00:00,325.15000000000003,281.20303
2016-12-22 13:00:00,319.12,271.44315
2016-12-22 14:00:00,327.78,278.17377
2016-12-22 15:00:00,318.18,277.67575
2016-12-22 16:00:00,320.72,280.9126
2016-12-22 17:00:00,320.05999999999995,274.298
2016-12-22 18:00:00,278.7300000000001,241.4543
2016-12-22 19:00:00,228.10999999999996,208.65338
2016-12-22 20:00:00,211.57,176.91765
2016-12-22 21:00:00,154.48,156.51228
2016-12-22 22:00:00,114.52000000000001,93.35596
2016-12-22 23:00:00,90.3,74.08412
2016-12-23 00:00:00,84.13,67.69557
2016-12-23 01:00:00,71.94999999999999,70.46826
2016-12-23 02:00:00,71.24000000000001,61.728024
2016-12-23 03:00:00,67.2,58.77241
2016-12-23 04:00:00,73.11,57.50987
2016-12-23 05:00:00,75.74,72.43698
2016-12-23 06:00:00,85.09,71.417946
2016-12-23 07:00:00,106.05,85.28087
2016-12-23 08:00:00,208.07,134.90755
2016-12-23 09:00:00,374.5299999999999,258.90732
2016-12-23 10:00:00,418.87999999999994,298.79208
2016-12-23 11:00:00,427.25,303.42615
2016-12-23 12:00:00,396.99,296.33612
2016-12-23 13:00:00,375.94,285.44553
2016-12-23 14:00:00,398.43,291.48206
2016-12-23 15:00:00,365.70000000000005,289.5257
2016-12-23 16:00:00,373.69,286.84555
2016-12-23 17:00:00,359.8,285.5779
2016-12-23 18:00:00,318.38,248.27959
2016-12-23 19:00:00,261.05,216.16959
2016-12-23 20:00:00,222.89999999999998,181.30852
2016-12-23 21:00:00,162.63,158.57872
2016-12-23 22:00:00,112.38000000000001,97.576385
2016-12-23 23:00:00,89.64999999999999,75.4385
2016-12-24 00:00:00,76.92999999999999,69.99786
2016-12-24 01:00:00,72.38,80.08629
2016-12-24 02:00:00,73.98,61.014782
2016-12-24 03:00:00,71.2,68.42112
2016-12-24 04:00:00,73.69,55.55116
2016-12-24 05:00:00,69.28,73.913445
2016-12-24 06:00:00,83.66,78.72021
2016-12-24 07:00:00,106.83999999999999,91.111626
2016-12-24 08:00:00,158.89000000000001,161.93234
2016-12-24 09:00:00,320.06999999999994,310.74036
2016-12-24 10:00:00,368.0,360.03745
2016-12-24 11:00:00,346.34000000000003,358.83145
2016-12-24 12:00:00,330.86,352.79053
2016-12-24 13:00:00,304.6,338.19043
2016-12-24 14:00:00,281.7000000000001,346.42645
2016-12-24 15:00:00,256.71000000000004,338.54953
2016-12-24 16:00:00,205.44,321.81647
2016-12-24 17:00:00,210.73,326.64035
2016-12-24 18:00:00,209.47,277.2126
2016-12-24 19:00:00,198.5,241.45512
2016-12-24 20:00:00,187.68000000000004,200.5433
2016-12-24 21:00:00,154.13,168.95032
2016-12-24 22:00:00,106.08,111.55076
2016-12-24 23:00:00,84.69,76.952576
2016-12-25 00:00:00,82.72999999999999,76.23089
2016-12-25 01:00:00,80.11000000000001,67.65585
2016-12-25 02:00:00,82.75000000000001,69.29215
2016-12-25 03:00:00,76.02,37.043625
2016-12-25 04:00:00,76.72999999999999,61.90729
2016-12-25 05:00:00,76.14,65.42564
2016-12-25 06:00:00,76.24,62.61398
2016-12-25 07:00:00,85.99000000000001,53.651924
2016-12-25 08:00:00,93.11000000000001,72.80626
2016-12-25 09:00:00,134.93,149.47664
2016-12-25 10:00:00,185.81,175.97983
2016-12-25 11:00:00,175.76,180.06143
2016-12-25 12:00:00,183.36,183.1859
2016-12-25 13:00:00,179.94,188.22751
2016-12-25 14:00:00,177.52,172.68985
2016-12-25 15:00:00,174.10000000000002,193.0382
2016-12-25 16:00:00,170.22,186.69464
2016-12-25 17:00:00,185.88000000000002,200.38054
2016-12-25 18:00:00,180.79000000000002,193.76787
2016-12-25 19:00:00,164.22000000000003,166.47452
2016-12-25 20:00:00,163.06999999999996,139.96648
2016-12-25 21:00:00,124.7,147.9156
2016-12-25 22:00:00,80.73000000000002,75.731865
2016-12-25 23:00:00,74.1,64.06344
2016-12-26 00:00:00,70.78,63.140373
2016-12-26 01:00:00,67.22999999999999,70.23063
2016-12-26 02:00:00,64.77,60.025738
2016-12-26 03:00:00,65.84,54.898434
2016-12-26 04:00:00,70.42,59.018147
2016-12-26 05:00:00,62.31,73.68697
2016-12-26 06:00:00,74.04,75.69792
2016-12-26 07:00:00,99.41000000000001,84.87728
2016-12-26 08:00:00,192.44,176.97069
2016-12-26 09:00:00,366.72,310.67084
2016-12-26 10:00:00,400.19,366.3626
2016-12-26 11:00:00,410.36,357.37152
2016-12-26 12:00:00,383.2,342.7308
2016-12-26 13:00:00,369.09,346.86572
2016-12-26 14:00:00,370.41999999999996,351.96298
2016-12-26 15:00:00,354.09,346.6935
2016-12-26 16:00:00,346.08,328.59756
2016-12-26 17:00:00,346.23999999999995,350.20514
2016-12-26 18:00:00,288.1,303.12805
2016-12-26 19:00:00,228.65999999999994,252.98813
2016-12-26 20:00:00,190.89,202.37218
2016-12-26 21:00:00,140.55,176.61458
2016-12-26 22:00:00,92.22999999999999,112.24075
2016-12-26 23:00:00,74.17,63.632446
2016-12-27 00:00:00,73.27,58.12742
2016-12-27 01:00:00,71.49000000000001,76.38081
2016-12-27 02:00:00,65.86999999999999,57.4544
2016-12-27 03:00:00,65.94,54.52694
2016-12-27 04:00:00,65.22999999999999,51.985554
2016-12-27 05:00:00,63.88999999999999,71.76462
2016-12-27 06:00:00,70.34,74.11344
2016-12-27 07:00:00,95.90999999999998,86.912865
2016-12-27 08:00:00,217.02,173.69286
2016-12-27 09:00:00,421.78,320.5153
2016-12-27 10:00:00,446.05,370.14645
2016-12-27 11:00:00,448.0799999999999,368.40683
2016-12-27 12:00:00,426.19000000000005,352.3037
2016-12-27 13:00:00,400.57000000000005,351.75983
2016-12-27 14:00:00,400.29999999999995,360.68164
2016-12-27 15:00:00,376.77,351.29068
2016-12-27 16:00:00,352.01,334.11502
2016-12-27 17:00:00,369.94,345.984
2016-12-27 18:00:00,332.63,293.47522
2016-12-27 19:00:00,280.28,246.4537
2016-12-27 20:00:00,240.37000000000003,199.97787
2016-12-27 21:00:00,192.27,174.18991
2016-12-27 22:00:00,123.5,115.650925
2016-12-27 23:00:00,92.32000000000002,66.14094
2016-12-28 00:00:00,84.02999999999999,66.290436
2016-12-28 01:00:00,81.77999999999999,82.2211
2016-12-28 02:00:00,75.34,60.341583
2016-12-28 03:00:00,74.81,69.62852
2016-12-28 04:00:00,73.72,54.027225
2016-12-28 05:00:00,68.92,72.214455
2016-12-28 06:00:00,80.69,79.88181
2016-12-28 07:00:00,114.32,91.089745
2016-12-28 08:00:00,242.52,175.82697
2016-12-28 09:00:00,467.35,333.87637
2016-12-28 10:00:00,484.78000000000003,385.6665
2016-12-28 11:00:00,448.98999999999995,384.55417
2016-12-28 12:00:00,392.50000000000006,374.8398
2016-12-28 13:00:00,370.1900000000001,364.06287
2016-12-28 14:00:00,354.74,369.6459
2016-12-28 15:00:00,329.41999999999996,360.8711
2016-12-28 16:00:00,316.19000000000005,338.5269
2016-12-28 17:00:00,334.78999999999996,348.33344
2016-12-28 18:00:00,290.8300000000001,293.27783
2016-12-28 19:00:00,241.82999999999998,252.21727
2016-12-28 20:00:00,217.17000000000004,209.18234
2016-12-28 21:00:00,158.20999999999998,175.06255
2016-12-28 22:00:00,108.27,117.43111
2016-12-28 23:00:00,91.08000000000001,73.26512
2016-12-29 00:00:00,84.45,64.92715
2016-12-29 01:00:00,77.99,80.6699
2016-12-29 02:00:00,78.54,60.459614
2016-12-29 03:00:00,77.6,65.50376
2016-12-29 04:00:00,77.49,56.525856
2016-12-29 05:00:00,68.35,77.37163
2016-12-29 06:00:00,80.72,80.34397
2016-12-29 07:00:00,118.86,94.88285
2016-12-29 08:00:00,220.78000000000003,167.3204
2016-12-29 09:00:00,419.96,320.65408
2016-12-29 10:00:00,452.95,372.9251
2016-12-29 11:00:00,428.62,371.35995
2016-12-29 12:00:00,404.12000000000006,361.85413
2016-12-29 13:00:00,413.49,346.83112
2016-12-29 14:00:00,407.08,358.99014
2016-12-29 15:00:00,384.89,348.9774
2016-12-29 16:00:00,366.70000000000005,334.52148
2016-12-29 17:00:00,365.6399999999999,335.0543
2016-12-29 18:00:00,329.28000000000003,284.2948
2016-12-29 19:00:00,264.15000000000003,244.38072
2016-12-29 20:00:00,233.89,201.84544
2016-12-29 21:00:00,183.58,172.00082
2016-12-29 22:00:00,118.62,113.204025
2016-12-29 23:00:00,88.53,72.74623
2016-12-30 00:00:00,80.18,67.83156
2016-12-30 01:00:00,80.30000000000001,82.52169
2016-12-30 02:00:00,79.44999999999999,60.957695
2016-12-30 03:00:00,77.46000000000001,70.67319
2016-12-30 04:00:00,79.41,54.89389
2016-12-30 05:00:00,73.93,75.96701
2016-12-30 06:00:00,87.53999999999999,80.36126
2016-12-30 07:00:00,125.53,93.2965
2016-12-30 08:00:00,227.07000000000002,168.66068
2016-12-30 09:00:00,446.91999999999996,325.0268
2016-12-30 10:00:00,491.46000000000004,376.67548
2016-12-30 11:00:00,475.3,376.97888
2016-12-30 12:00:00,422.28,369.08792
2016-12-30 13:00:00,379.96,352.91528
2016-12-30 14:00:00,378.62,362.05807
2016-12-30 15:00:00,354.75,352.23087
2016-12-30 16:00:00,333.76,334.3518
2016-12-30 17:00:00,333.29,339.14972
2016-12-30 18:00:00,293.87000000000006,286.8792
2016-12-30 19:00:00,254.07999999999998,247.46637
2016-12-30 20:00:00,213.38,204.95177
2016-12-30 21:00:00,155.09,172.30264
2016-12-30 22:00:00,104.61,114.63877
2016-12-30 23:00:00,83.22,74.81362
2016-12-31 00:00:00,78.65,66.18519
2016-12-31 01:00:00,77.74,81.58284
2016-12-31 02:00:00,75.38,60.725792
2016-12-31 03:00:00,76.24000000000001,68.001884
2016-12-31 04:00:00,74.03999999999999,55.499443
2016-12-31 05:00:00,67.91999999999999,77.38501
2016-12-31 06:00:00,80.13,80.50248
2016-12-31 07:00:00,109.76,94.42408
2016-12-31 08:00:00,194.99,167.08656
2016-12-31 09:00:00,379.40999999999997,321.8823
2016-12-31 10:00:00,413.5800000000001,374.14053
2016-12-31 11:00:00,405.13,373.8431
2016-12-31 12:00:00,371.59,365.0444
2016-12-31 13:00:00,342.7,347.93964
2016-12-31 14:00:00,317.78,360.34198
2016-12-31 15:00:00,279.7000000000001,349.9063
2016-12-31 16:00:00,237.01,334.6306
2016-12-31 17:00:00,218.78000000000003,336.33255
2016-12-31 18:00:00,212.34,284.95773
2016-12-31 19:00:00,205.51999999999998,245.11989
2016-12-31 20:00:00,190.27999999999997,202.5971
2016-12-31 21:00:00,152.47,171.98044
2016-12-31 22:00:00,98.17,113.44189
2016-12-31 23:00:00,83.58,73.56105
